lgd_state_code,lgd_district_code,lgd_state_name,lgd_district_name,soi_objectid,soi_state_lgd,soi_dist_lgd,soi_state_name,soi_district_name,match_method,confidence,verification_status
32,554,Kerala,Alappuzha,102,32,598,KERALA,Alappuzha,EXACT_STATE_DISTRICT_NAME,1.0,AUTO_MATCH_CANDIDATE
9,121,Uttar Pradesh,Ambedkar Nagar,271,09,178,UTTAR PRADESH,AMBEDKAR NAGAR,EXACT_STATE_DISTRICT_NAME,1.0,AUTO_MATCH_CANDIDATE
3,27,Punjab,Amritsar,266,03,049,PUNJAB,AMRITSAR,EXACT_STATE_DISTRICT_NAME,1.0,AUTO_MATCH_CANDIDATE
24,672,Gujarat,Arvalli,194,24,650,GUJARAT,ARVALLI,EXACT_STATE_DISTRICT_NAME,1.0,AUTO_MATCH_CANDIDATE
10,611,Bihar,Arwal,771,10,240,BIHAR,Arwal,EXACT_STATE_DISTRICT_NAME,1.0,AUTO_MATCH_CANDIDATE
10,189,Bihar,Aurangabad,772,10,235,BIHAR,Aurangabad,EXACT_STATE_DISTRICT_NAME,1.0,AUTO_MATCH_CANDIDATE
9,125,Uttar Pradesh,Bahraich,278,09,180,UTTAR PRADESH,BAHRAICH,EXACT_STATE_DISTRICT_NAME,1.0,AUTO_MATCH_CANDIDATE
22,646,Chhattisgarh,Balod,129,22,645,CHHATTISGARH,BALOD,EXACT_STATE_DISTRICT_NAME,1.0,AUTO_MATCH_CANDIDATE
9,127,Uttar Pradesh,Balrampur,280,09,182,UTTAR PRADESH,BALRAMPUR,EXACT_STATE_DISTRICT_NAME,1.0,AUTO_MATCH_CANDIDATE
27,470,Maharashtra,Beed,536,27,523,MAHARASHTRA,BEED,EXACT_STATE_DISTRICT_NAME,1.0,AUTO_MATCH_CANDIDATE
22,650,Chhattisgarh,Bemetara,133,22,644,CHHATTISGARH,BEMETARA,EXACT_STATE_DISTRICT_NAME,1.0,AUTO_MATCH_CANDIDATE
9,179,Uttar Pradesh,Bhadohi,284,09,198,UTTAR PRADESH,BHADOHI,EXACT_STATE_DISTRICT_NAME,1.0,AUTO_MATCH_CANDIDATE
27,471,Maharashtra,Bhandara,537,27,506,MAHARASHTRA,BHANDARA,EXACT_STATE_DISTRICT_NAME,1.0,AUTO_MATCH_CANDIDATE
23,395,Madhya Pradesh,Bhind,578,23,420,MADHYA PRADESH,BHIND,EXACT_STATE_DISTRICT_NAME,1.0,AUTO_MATCH_CANDIDATE
22,636,Chhattisgarh,Bijapur,121,22,417,CHHATTISGARH,BIJAPUR,EXACT_STATE_DISTRICT_NAME,1.0,AUTO_MATCH_CANDIDATE
24,676,Gujarat,Botad,198,24,653,GUJARAT,BOTAD,EXACT_STATE_DISTRICT_NAME,1.0,AUTO_MATCH_CANDIDATE
5,47,Uttarakhand,Chamoli,636,05,057,UTTARAKHAND,CHAMOLI,EXACT_STATE_DISTRICT_NAME,1.0,AUTO_MATCH_CANDIDATE
9,135,Uttar Pradesh,Chandauli,288,09,196,UTTAR PRADESH,CHANDAULI,EXACT_STATE_DISTRICT_NAME,1.0,AUTO_MATCH_CANDIDATE
14,253,Manipur,Chandel,438,14,280,MANIPUR,CHANDEL,EXACT_STATE_DISTRICT_NAME,1.0,AUTO_MATCH_CANDIDATE
27,473,Maharashtra,Chandrapur,538,27,509,MAHARASHTRA,CHANDRAPUR,EXACT_STATE_DISTRICT_NAME,1.0,AUTO_MATCH_CANDIDATE
23,398,Madhya Pradesh,Chhatarpur,581,23,425,MADHYA PRADESH,CHHATARPUR,EXACT_STATE_DISTRICT_NAME,1.0,AUTO_MATCH_CANDIDATE
24,668,Gujarat,Chhotaudepur,199,24,654,GUJARAT,CHHOTAUDEPUR,EXACT_STATE_DISTRICT_NAME,1.0,AUTO_MATCH_CANDIDATE
24,445,Gujarat,Dahod,200,24,485,GUJARAT,DAHOD,EXACT_STATE_DISTRICT_NAME,1.0,AUTO_MATCH_CANDIDATE
23,400,Madhya Pradesh,Damoh,583,23,428,MADHYA PRADESH,DAMOH,EXACT_STATE_DISTRICT_NAME,1.0,AUTO_MATCH_CANDIDATE
24,444,Gujarat,Dangs,201,24,489,GUJARAT,DANGS,EXACT_STATE_DISTRICT_NAME,1.0,AUTO_MATCH_CANDIDATE
16,269,Tripura,Dhalai,740,16,291,TRIPURA,DHALAI,EXACT_STATE_DISTRICT_NAME,1.0,AUTO_MATCH_CANDIDATE
21,352,Odisha,Dhenkanal,155,21,383,ODISHA,DHENKANAL,EXACT_STATE_DISTRICT_NAME,1.0,AUTO_MATCH_CANDIDATE
23,404,Madhya Pradesh,Dindori,587,23,453,MADHYA PRADESH,DINDORI,EXACT_STATE_DISTRICT_NAME,1.0,AUTO_MATCH_CANDIDATE
17,657,Meghalaya,East Jaintia Hills,454,17,666,MEGHALAYA,EAST JAINTIA HILLS,EXACT_STATE_DISTRICT_NAME,1.0,AUTO_MATCH_CANDIDATE
28,748,Andhra Pradesh,Eluru,680,28,688,ANDHRA PRADESH,Eluru,EXACT_STATE_DISTRICT_NAME,1.0,AUTO_MATCH_CANDIDATE
33,573,Tamil Nadu,Erode,702,33,610,TAMIL NADU,ERODE,EXACT_STATE_DISTRICT_NAME,1.0,AUTO_MATCH_CANDIDATE
3,651,Punjab,Fazilka,259,03,673,PUNJAB,FAZILKA,EXACT_STATE_DISTRICT_NAME,1.0,AUTO_MATCH_CANDIDATE
24,446,Gujarat,Gandhinagar,203,24,473,GUJARAT,GANDHINAGAR,EXACT_STATE_DISTRICT_NAME,1.0,AUTO_MATCH_CANDIDATE
20,328,Jharkhand,Garhwa,752,20,346,JHARKHAND,GARHWA,EXACT_STATE_DISTRICT_NAME,1.0,AUTO_MATCH_CANDIDATE
22,645,Chhattisgarh,Gariyaband,127,22,647,CHHATTISGARH,GARIYABAND,EXACT_STATE_DISTRICT_NAME,1.0,AUTO_MATCH_CANDIDATE
10,196,Bihar,Gaya,779,10,236,BIHAR,Gaya,EXACT_STATE_DISTRICT_NAME,1.0,AUTO_MATCH_CANDIDATE
20,331,Jharkhand,Gumla,755,20,366,JHARKHAND,GUMLA,EXACT_STATE_DISTRICT_NAME,1.0,AUTO_MATCH_CANDIDATE
36,686,Telangana,Hanumakonda,641,36,731,TELANGANA,HANUMAKONDA,EXACT_STATE_DISTRICT_NAME,1.0,AUTO_MATCH_CANDIDATE
23,408,Madhya Pradesh,Harda,590,23,448,MADHYA PRADESH,HARDA,EXACT_STATE_DISTRICT_NAME,1.0,AUTO_MATCH_CANDIDATE
8,102,Rajasthan,Jaipur,512,08,110,RAJASTHAN,JAIPUR,EXACT_STATE_DISTRICT_NAME,1.0,AUTO_MATCH_CANDIDATE
8,105,Rajasthan,Jhalawar,515,08,129,RAJASTHAN,JHALAWAR,EXACT_STATE_DISTRICT_NAME,1.0,AUTO_MATCH_CANDIDATE
9,153,Uttar Pradesh,Jhansi,307,09,166,UTTAR PRADESH,JHANSI,EXACT_STATE_DISTRICT_NAME,1.0,AUTO_MATCH_CANDIDATE
21,357,Odisha,Jharsuguda,156,21,371,ODISHA,JHARSUGUDA,EXACT_STATE_DISTRICT_NAME,1.0,AUTO_MATCH_CANDIDATE
9,156,Uttar Pradesh,Kanpur Dehat,309,09,163,UTTAR PRADESH,KANPUR DEHAT,EXACT_STATE_DISTRICT_NAME,1.0,AUTO_MATCH_CANDIDATE
8,108,Rajasthan,Karauli,518,08,107,RAJASTHAN,KARAULI,EXACT_STATE_DISTRICT_NAME,1.0,AUTO_MATCH_CANDIDATE
36,508,Telangana,Karimnagar,648,36,534,TELANGANA,KARIMNAGAR,EXACT_STATE_DISTRICT_NAME,1.0,AUTO_MATCH_CANDIDATE
10,201,Bihar,Katihar,784,10,212,BIHAR,Katihar,EXACT_STATE_DISTRICT_NAME,1.0,AUTO_MATCH_CANDIDATE
21,360,Odisha,Kendrapara,148,21,379,ODISHA,KENDRAPARA,EXACT_STATE_DISTRICT_NAME,1.0,AUTO_MATCH_CANDIDATE
24,450,Gujarat,Kheda,208,24,483,GUJARAT,KHEDA,EXACT_STATE_DISTRICT_NAME,1.0,AUTO_MATCH_CANDIDATE
9,159,Uttar Pradesh,Kheri,313,09,153,UTTAR PRADESH,KHERI,EXACT_STATE_DISTRICT_NAME,1.0,AUTO_MATCH_CANDIDATE
16,652,Tripura,Khowai,741,16,698,TRIPURA,KHOWAI,EXACT_STATE_DISTRICT_NAME,1.0,AUTO_MATCH_CANDIDATE
20,606,Jharkhand,Khunti,758,20,365,JHARKHAND,KHUNTI,EXACT_STATE_DISTRICT_NAME,1.0,AUTO_MATCH_CANDIDATE
1,620,Jammu And Kashmir,Kishtwar,22,01,018,JAMMU AND KASHMIR,KISHTWAR,EXACT_STATE_DISTRICT_NAME,1.0,AUTO_MATCH_CANDIDATE
15,263,Mizoram,Kolasib,470,15,282,MIZORAM,KOLASIB,EXACT_STATE_DISTRICT_NAME,1.0,AUTO_MATCH_CANDIDATE
19,315,West Bengal,Kolkata,90,19,342,WEST BENGAL,KOLKATA,EXACT_STATE_DISTRICT_NAME,1.0,AUTO_MATCH_CANDIDATE
32,559,Kerala,Kollam,104,32,600,KERALA,Kollam,EXACT_STATE_DISTRICT_NAME,1.0,AUTO_MATCH_CANDIDATE
8,109,Rajasthan,Kota,520,08,127,RAJASTHAN,KOTA,EXACT_STATE_DISTRICT_NAME,1.0,AUTO_MATCH_CANDIDATE
9,160,Uttar Pradesh,Kushinagar,314,09,189,UTTAR PRADESH,KUSHINAGAR,EXACT_STATE_DISTRICT_NAME,1.0,AUTO_MATCH_CANDIDATE
9,161,Uttar Pradesh,Lalitpur,315,09,167,UTTAR PRADESH,LALITPUR,EXACT_STATE_DISTRICT_NAME,1.0,AUTO_MATCH_CANDIDATE
20,335,Jharkhand,Latehar,760,20,359,JHARKHAND,LATEHAR,EXACT_STATE_DISTRICT_NAME,1.0,AUTO_MATCH_CANDIDATE
12,234,Arunachal Pradesh,Lohit,401,12,259,ARUNACHAL PRADESH,LOHIT,EXACT_STATE_DISTRICT_NAME,1.0,AUTO_MATCH_CANDIDATE
13,615,Nagaland,Longleng,479,13,268,NAGALAND,LONGLENG,EXACT_STATE_DISTRICT_NAME,1.0,AUTO_MATCH_CANDIDATE
10,206,Bihar,Madhubani,789,10,207,BIHAR,Madhubani,EXACT_STATE_DISTRICT_NAME,1.0,AUTO_MATCH_CANDIDATE
33,578,Tamil Nadu,Madurai,718,33,623,TAMIL NADU,MADURAI,EXACT_STATE_DISTRICT_NAME,1.0,AUTO_MATCH_CANDIDATE
6,69,Haryana,Mahendragarh,236,06,084,HARYANA,MAHENDRAGARH,EXACT_STATE_DISTRICT_NAME,1.0,AUTO_MATCH_CANDIDATE
24,669,Gujarat,Mahisagar,210,24,655,GUJARAT,MAHISAGAR,EXACT_STATE_DISTRICT_NAME,1.0,AUTO_MATCH_CANDIDATE
23,784,Madhya Pradesh,Maihar,596,23,768,MADHYA PRADESH,MAIHAR,EXACT_STATE_DISTRICT_NAME,1.0,AUTO_MATCH_CANDIDATE
9,166,Uttar Pradesh,Mainpuri,319,09,148,UTTAR PRADESH,MAINPURI,EXACT_STATE_DISTRICT_NAME,1.0,AUTO_MATCH_CANDIDATE
18,706,Assam,Majuli,421,18,707,ASSAM,MAJULI,EXACT_STATE_DISTRICT_NAME,1.0,AUTO_MATCH_CANDIDATE
32,562,Kerala,Malappuram,107,32,592,KERALA,Malappuram,EXACT_STATE_DISTRICT_NAME,1.0,AUTO_MATCH_CANDIDATE
21,364,Odisha,Malkangiri,167,21,399,ODISHA,MALKANGIRI,EXACT_STATE_DISTRICT_NAME,1.0,AUTO_MATCH_CANDIDATE
36,684,Telangana,Mancherial,653,36,697,TELANGANA,MANCHERIAL,EXACT_STATE_DISTRICT_NAME,1.0,AUTO_MATCH_CANDIDATE
9,168,Uttar Pradesh,Mau,321,09,192,UTTAR PRADESH,MAU,EXACT_STATE_DISTRICT_NAME,1.0,AUTO_MATCH_CANDIDATE
13,247,Nagaland,Mon,476,13,261,NAGALAND,MON,EXACT_STATE_DISTRICT_NAME,1.0,AUTO_MATCH_CANDIDATE
36,720,Telangana,Mulugu,656,36,762,TELANGANA,MULUGU,EXACT_STATE_DISTRICT_NAME,1.0,AUTO_MATCH_CANDIDATE
10,207,Bihar,Munger,790,10,226,BIHAR,Munger,EXACT_STATE_DISTRICT_NAME,1.0,AUTO_MATCH_CANDIDATE
33,579,Tamil Nadu,Nagapattinam,712,33,618,TAMIL NADU,NAGAPATTINAM,EXACT_STATE_DISTRICT_NAME,1.0,AUTO_MATCH_CANDIDATE
27,484,Maharashtra,Nagpur,547,27,505,MAHARASHTRA,NAGPUR,EXACT_STATE_DISTRICT_NAME,1.0,AUTO_MATCH_CANDIDATE
23,409,Madhya Pradesh,Narmadapuram,601,23,449,MADHYA PRADESH,NARMADAPURAM,EXACT_STATE_DISTRICT_NAME,1.0,AUTO_MATCH_CANDIDATE
27,487,Maharashtra,Nashik,549,27,516,MAHARASHTRA,NASHIK,EXACT_STATE_DISTRICT_NAME,1.0,AUTO_MATCH_CANDIDATE
24,453,Gujarat,Navsari,213,24,490,GUJARAT,NAVSARI,EXACT_STATE_DISTRICT_NAME,1.0,AUTO_MATCH_CANDIDATE
14,714,Manipur,Noney,446,14,659,MANIPUR,NONEY,EXACT_STATE_DISTRICT_NAME,1.0,AUTO_MATCH_CANDIDATE
7,81,Delhi,North East,187,07,092,DELHI,NORTH EAST,EXACT_STATE_DISTRICT_NAME,1.0,AUTO_MATCH_CANDIDATE
16,270,Tripura,North Tripura,743,16,292,TRIPURA,NORTH TRIPURA,EXACT_STATE_DISTRICT_NAME,1.0,AUTO_MATCH_CANDIDATE
28,749,Andhra Pradesh,Ntr,686,28,689,ANDHRA PRADESH,NTR,EXACT_STATE_DISTRICT_NAME,1.0,AUTO_MATCH_CANDIDATE
32,563,Kerala,Palakkad,101,32,593,KERALA,Palakkad,EXACT_STATE_DISTRICT_NAME,1.0,AUTO_MATCH_CANDIDATE
20,338,Jharkhand,Palamu,763,20,358,JHARKHAND,PALAMU,EXACT_STATE_DISTRICT_NAME,1.0,AUTO_MATCH_CANDIDATE
27,665,Maharashtra,Palghar,551,27,681,MAHARASHTRA,PALGHAR,EXACT_STATE_DISTRICT_NAME,1.0,AUTO_MATCH_CANDIDATE
6,70,Haryana,Panchkula,239,06,069,HARYANA,PANCHKULA,EXACT_STATE_DISTRICT_NAME,1.0,AUTO_MATCH_CANDIDATE
6,71,Haryana,Panipat,240,06,075,HARYANA,PANIPAT,EXACT_STATE_DISTRICT_NAME,1.0,AUTO_MATCH_CANDIDATE
28,743,Andhra Pradesh,Parvathipuram Manyam,688,28,683,ANDHRA PRADESH,Parvathipuram Manyam,EXACT_STATE_DISTRICT_NAME,1.0,AUTO_MATCH_CANDIDATE
3,662,Punjab,Pathankot,253,03,678,PUNJAB,PATHANKOT,EXACT_STATE_DISTRICT_NAME,1.0,AUTO_MATCH_CANDIDATE
21,369,Odisha,Puri,163,21,387,ODISHA,PURI,EXACT_STATE_DISTRICT_NAME,1.0,AUTO_MATCH_CANDIDATE
23,421,Madhya Pradesh,Raisen,607,23,446,MADHYA PRADESH,RAISEN,EXACT_STATE_DISTRICT_NAME,1.0,AUTO_MATCH_CANDIDATE
36,518,Telangana,Ranga Reddy,664,36,537,TELANGANA,RANGA REDDY,EXACT_STATE_DISTRICT_NAME,1.0,AUTO_MATCH_CANDIDATE
23,425,Madhya Pradesh,Sagar,611,23,427,MADHYA PRADESH,SAGAR,EXACT_STATE_DISTRICT_NAME,1.0,AUTO_MATCH_CANDIDATE
10,217,Bihar,Samastipur,800,10,221,BIHAR,Samastipur,EXACT_STATE_DISTRICT_NAME,1.0,AUTO_MATCH_CANDIDATE
3,43,Punjab,Sangrur,268,03,053,PUNJAB,SANGRUR,EXACT_STATE_DISTRICT_NAME,1.0,AUTO_MATCH_CANDIDATE
3,40,Punjab,Shahid Bhagat Singh Nagar,261,03,039,PUNJAB,SHAHID BHAGAT SINGH NAGAR,EXACT_STATE_DISTRICT_NAME,1.0,AUTO_MATCH_CANDIDATE
9,182,Uttar Pradesh,Siddharthnagar,337,09,184,UTTAR PRADESH,SIDDHARTHNAGAR,EXACT_STATE_DISTRICT_NAME,1.0,AUTO_MATCH_CANDIDATE
8,114,Rajasthan,Sikar,529,08,111,RAJASTHAN,SIKAR,EXACT_STATE_DISTRICT_NAME,1.0,AUTO_MATCH_CANDIDATE
27,495,Maharashtra,Sindhudurg,557,27,529,MAHARASHTRA,SINDHUDURG,EXACT_STATE_DISTRICT_NAME,1.0,AUTO_MATCH_CANDIDATE
8,115,Rajasthan,Sirohi,530,08,117,RAJASTHAN,SIROHI,EXACT_STATE_DISTRICT_NAME,1.0,AUTO_MATCH_CANDIDATE
6,74,Haryana,Sirsa,243,06,079,HARYANA,SIRSA,EXACT_STATE_DISTRICT_NAME,1.0,AUTO_MATCH_CANDIDATE
33,585,Tamil Nadu,Sivaganga,719,33,622,TAMIL NADU,SIVAGANGA,EXACT_STATE_DISTRICT_NAME,1.0,AUTO_MATCH_CANDIDATE
9,184,Uttar Pradesh,Sonbhadra,339,09,200,UTTAR PRADESH,SONBHADRA,EXACT_STATE_DISTRICT_NAME,1.0,AUTO_MATCH_CANDIDATE
30,552,Goa,South Goa,849,30,586,GOA,SOUTH GOA,EXACT_STATE_DISTRICT_NAME,1.0,AUTO_MATCH_CANDIDATE
36,696,Telangana,Suryapet,667,36,745,TELANGANA,SURYAPET,EXACT_STATE_DISTRICT_NAME,1.0,AUTO_MATCH_CANDIDATE
14,716,Manipur,Tengnoupal,450,14,667,MANIPUR,TENGNOUPAL,EXACT_STATE_DISTRICT_NAME,1.0,AUTO_MATCH_CANDIDATE
33,588,Tamil Nadu,Theni,721,33,624,TAMIL NADU,THENI,EXACT_STATE_DISTRICT_NAME,1.0,AUTO_MATCH_CANDIDATE
33,590,Tamil Nadu,Thiruvarur,713,33,619,TAMIL NADU,THIRUVARUR,EXACT_STATE_DISTRICT_NAME,1.0,AUTO_MATCH_CANDIDATE
23,434,Madhya Pradesh,Tikamgarh,621,23,424,MADHYA PRADESH,TIKAMGARH,EXACT_STATE_DISTRICT_NAME,1.0,AUTO_MATCH_CANDIDATE
16,655,Tripura,Unakoti,742,16,706,TRIPURA,UNAKOTI,EXACT_STATE_DISTRICT_NAME,1.0,AUTO_MATCH_CANDIDATE
12,241,Arunachal Pradesh,Upper Subansiri,386,12,249,ARUNACHAL PRADESH,UPPER SUBANSIRI,EXACT_STATE_DISTRICT_NAME,1.0,AUTO_MATCH_CANDIDATE
9,187,Uttar Pradesh,Varanasi,342,09,197,UTTAR PRADESH,VARANASI,EXACT_STATE_DISTRICT_NAME,1.0,AUTO_MATCH_CANDIDATE
33,597,Tamil Nadu,Virudhunagar,717,33,625,TAMIL NADU,VIRUDHUNAGAR,EXACT_STATE_DISTRICT_NAME,1.0,AUTO_MATCH_CANDIDATE
27,498,Maharashtra,Wardha,563,27,504,MAHARASHTRA,WARDHA,EXACT_STATE_DISTRICT_NAME,1.0,AUTO_MATCH_CANDIDATE
17,279,Meghalaya,West Khasi Hills,464,17,296,MEGHALAYA,WEST KHASI HILLS,EXACT_STATE_DISTRICT_NAME,1.0,AUTO_MATCH_CANDIDATE
16,272,Tripura,West Tripura,739,16,289,TRIPURA,WEST TRIPURA,EXACT_STATE_DISTRICT_NAME,1.0,AUTO_MATCH_CANDIDATE
28,504,Andhra Pradesh,Y.S.R.,697,28,551,ANDHRA PRADESH,Y.S.R.,EXACT_STATE_DISTRICT_NAME,1.0,AUTO_MATCH_CANDIDATE
23,667,Madhya Pradesh,Agar-Malwa,571,23,735,MADHYA PRADESH,AGAR MALWA,EXACT_STATE_DISTRICT_NAME,1.0,AUTO_MATCH_CANDIDATE
9,118,Uttar Pradesh,Agra,269,09,146,UTTAR PRADESH,AGRA,EXACT_STATE_DISTRICT_NAME,1.0,AUTO_MATCH_CANDIDATE
8,86,Rajasthan,Ajmer,492,08,119,RAJASTHAN,AJMER,EXACT_STATE_DISTRICT_NAME,1.0,AUTO_MATCH_CANDIDATE
5,45,Uttarakhand,Almora,626,05,064,UTTARAKHAND,ALMORA,EXACT_STATE_DISTRICT_NAME,1.0,AUTO_MATCH_CANDIDATE
6,58,Haryana,Ambala,224,06,070,HARYANA,AMBALA,EXACT_STATE_DISTRICT_NAME,1.0,AUTO_MATCH_CANDIDATE
27,468,Maharashtra,Amravati,566,27,503,MAHARASHTRA,AMRAVATI,EXACT_STATE_DISTRICT_NAME,1.0,AUTO_MATCH_CANDIDATE
24,439,Gujarat,Amreli,192,24,480,GUJARAT,AMRELI,EXACT_STATE_DISTRICT_NAME,1.0,AUTO_MATCH_CANDIDATE
1,1,Jammu And Kashmir,Anantnag,7,01,014,JAMMU AND KASHMIR,ANANTNAG,EXACT_STATE_DISTRICT_NAME,1.0,AUTO_MATCH_CANDIDATE
28,753,Andhra Pradesh,Annamayya,675,28,693,ANDHRA PRADESH,Annamayya,EXACT_STATE_DISTRICT_NAME,1.0,AUTO_MATCH_CANDIDATE
18,616,Assam,Baksa,405,18,324,ASSAM,"BAKSA
",EXACT_STATE_DISTRICT_NAME,1.0,AUTO_MATCH_CANDIDATE
9,126,Uttar Pradesh,Ballia,279,09,193,UTTAR PRADESH,BALLIA,EXACT_STATE_DISTRICT_NAME,1.0,AUTO_MATCH_CANDIDATE
9,128,Uttar Pradesh,Banda,343,09,170,UTTAR PRADESH,BANDA,EXACT_STATE_DISTRICT_NAME,1.0,AUTO_MATCH_CANDIDATE
10,190,Bihar,Banka,773,10,225,BIHAR,Banka,EXACT_STATE_DISTRICT_NAME,1.0,AUTO_MATCH_CANDIDATE
9,130,Uttar Pradesh,Bareilly,282,09,150,UTTAR PRADESH,BAREILLY,EXACT_STATE_DISTRICT_NAME,1.0,AUTO_MATCH_CANDIDATE
23,393,Madhya Pradesh,Barwani,576,23,441,MADHYA PRADESH,BARWANI,EXACT_STATE_DISTRICT_NAME,1.0,AUTO_MATCH_CANDIDATE
3,28,Punjab,Bathinda,257,03,046,PUNJAB,BATHINDA,EXACT_STATE_DISTRICT_NAME,1.0,AUTO_MATCH_CANDIDATE
10,191,Bihar,Begusarai,774,10,222,BIHAR,Begusarai,EXACT_STATE_DISTRICT_NAME,1.0,AUTO_MATCH_CANDIDATE
10,192,Bihar,Bhagalpur,775,10,224,BIHAR,Bhagalpur,EXACT_STATE_DISTRICT_NAME,1.0,AUTO_MATCH_CANDIDATE
22,375,Chhattisgarh,Bilaspur,134,22,406,CHHATTISGARH,BILASPUR,EXACT_STATE_DISTRICT_NAME,1.0,AUTO_MATCH_CANDIDATE
14,252,Manipur,Bishnupur,437,14,275,MANIPUR,BISHNUPUR,EXACT_STATE_DISTRICT_NAME,1.0,AUTO_MATCH_CANDIDATE
18,705,Assam,Biswanath,433,18,734,ASSAM,BISWANATH,EXACT_STATE_DISTRICT_NAME,1.0,AUTO_MATCH_CANDIDATE
9,133,Uttar Pradesh,Budaun,286,09,149,UTTAR PRADESH,BUDAUN,EXACT_STATE_DISTRICT_NAME,1.0,AUTO_MATCH_CANDIDATE
9,134,Uttar Pradesh,Bulandshahr,287,09,142,UTTAR PRADESH,BULANDSHAHR,EXACT_STATE_DISTRICT_NAME,1.0,AUTO_MATCH_CANDIDATE
8,94,Rajasthan,Bundi,502,08,121,RAJASTHAN,BUNDI,EXACT_STATE_DISTRICT_NAME,1.0,AUTO_MATCH_CANDIDATE
18,282,Assam,Cachar,410,18,316,ASSAM,CACHAR,EXACT_STATE_DISTRICT_NAME,1.0,AUTO_MATCH_CANDIDATE
18,708,Assam,Charaideo,418,18,704,ASSAM,CHARAIDEO,EXACT_STATE_DISTRICT_NAME,1.0,AUTO_MATCH_CANDIDATE
33,568,Tamil Nadu,Chennai,699,33,603,TAMIL NADU,CHENNAI,EXACT_STATE_DISTRICT_NAME,1.0,AUTO_MATCH_CANDIDATE
18,612,Assam,Chirang,403,18,320,ASSAM,"CHIRANG
",EXACT_STATE_DISTRICT_NAME,1.0,AUTO_MATCH_CANDIDATE
33,569,Tamil Nadu,Coimbatore,700,33,632,TAMIL NADU,COIMBATORE,EXACT_STATE_DISTRICT_NAME,1.0,AUTO_MATCH_CANDIDATE
23,401,Madhya Pradesh,Datia,584,23,422,MADHYA PRADESH,DATIA,EXACT_STATE_DISTRICT_NAME,1.0,AUTO_MATCH_CANDIDATE
20,325,Jharkhand,Dhanbad,749,20,354,JHARKHAND,DHANBAD,EXACT_STATE_DISTRICT_NAME,1.0,AUTO_MATCH_CANDIDATE
33,571,Tamil Nadu,Dharmapuri,729,33,630,TAMIL NADU,DHARMAPURI,EXACT_STATE_DISTRICT_NAME,1.0,AUTO_MATCH_CANDIDATE
18,286,Assam,Dibrugarh,430,18,310,ASSAM,DIBRUGARH,EXACT_STATE_DISTRICT_NAME,1.0,AUTO_MATCH_CANDIDATE
22,378,Chhattisgarh,Durg,131,22,409,CHHATTISGARH,DURG,EXACT_STATE_DISTRICT_NAME,1.0,AUTO_MATCH_CANDIDATE
3,29,Punjab,Faridkot,254,03,045,PUNJAB,FARIDKOT,EXACT_STATE_DISTRICT_NAME,1.0,AUTO_MATCH_CANDIDATE
3,30,Punjab,Fatehgarh Sahib,265,03,040,PUNJAB,FATEHGARH SAHIB,EXACT_STATE_DISTRICT_NAME,1.0,AUTO_MATCH_CANDIDATE
21,354,Odisha,Ganjam,166,21,388,ODISHA,GANJAM,EXACT_STATE_DISTRICT_NAME,1.0,AUTO_MATCH_CANDIDATE
9,144,Uttar Pradesh,Gautam Buddha Nagar,296,09,141,UTTAR PRADESH,GAUTAM BUDDHA NAGAR,EXACT_STATE_DISTRICT_NAME,1.0,AUTO_MATCH_CANDIDATE
9,146,Uttar Pradesh,Ghazipur,298,09,195,UTTAR PRADESH,GHAZIPUR,EXACT_STATE_DISTRICT_NAME,1.0,AUTO_MATCH_CANDIDATE
20,330,Jharkhand,Godda,754,20,351,JHARKHAND,GODDA,EXACT_STATE_DISTRICT_NAME,1.0,AUTO_MATCH_CANDIDATE
6,62,Haryana,Gurugram,229,06,086,HARYANA,GURUGRAM,EXACT_STATE_DISTRICT_NAME,1.0,AUTO_MATCH_CANDIDATE
9,661,Uttar Pradesh,Hapur,302,09,665,UTTAR PRADESH,HAPUR,EXACT_STATE_DISTRICT_NAME,1.0,AUTO_MATCH_CANDIDATE
9,163,Uttar Pradesh,Hathras,304,09,144,UTTAR PRADESH,HATHRAS,EXACT_STATE_DISTRICT_NAME,1.0,AUTO_MATCH_CANDIDATE
6,63,Haryana,Hisar,230,06,080,HARYANA,HISAR,EXACT_STATE_DISTRICT_NAME,1.0,AUTO_MATCH_CANDIDATE
15,726,Mizoram,Hnahthial,466,15,713,MIZORAM,HNAHTHIAL,EXACT_STATE_DISTRICT_NAME,1.0,AUTO_MATCH_CANDIDATE
36,507,Telangana,Hyderabad,642,36,536,TELANGANA,HYDERABAD,EXACT_STATE_DISTRICT_NAME,1.0,AUTO_MATCH_CANDIDATE
9,151,Uttar Pradesh,Jalaun,305,09,165,UTTAR PRADESH,JALAUN,EXACT_STATE_DISTRICT_NAME,1.0,AUTO_MATCH_CANDIDATE
27,479,Maharashtra,Jalna,569,27,514,MAHARASHTRA,JALNA,EXACT_STATE_DISTRICT_NAME,1.0,AUTO_MATCH_CANDIDATE
24,447,Gujarat,Jamnagar,205,24,477,GUJARAT,JAMNAGAR,EXACT_STATE_DISTRICT_NAME,1.0,AUTO_MATCH_CANDIDATE
22,380,Chhattisgarh,Jashpur,136,22,402,CHHATTISGARH,JASHPUR,EXACT_STATE_DISTRICT_NAME,1.0,AUTO_MATCH_CANDIDATE
23,412,Madhya Pradesh,Jhabua,593,23,464,MADHYA PRADESH,JHABUA,EXACT_STATE_DISTRICT_NAME,1.0,AUTO_MATCH_CANDIDATE
6,65,Haryana,Jind,232,06,077,HARYANA,JIND,EXACT_STATE_DISTRICT_NAME,1.0,AUTO_MATCH_CANDIDATE
14,713,Manipur,Jiribam,442,14,658,MANIPUR,JIRIBAM,EXACT_STATE_DISTRICT_NAME,1.0,AUTO_MATCH_CANDIDATE
8,107,Rajasthan,Jodhpur,517,08,113,RAJASTHAN,JODHPUR,EXACT_STATE_DISTRICT_NAME,1.0,AUTO_MATCH_CANDIDATE
18,290,Assam,Jorhat,414,18,312,ASSAM,JORHAT,EXACT_STATE_DISTRICT_NAME,1.0,AUTO_MATCH_CANDIDATE
24,449,Gujarat,Kachchh,207,24,468,GUJARAT,KACHCHH,EXACT_STATE_DISTRICT_NAME,1.0,AUTO_MATCH_CANDIDATE
28,746,Andhra Pradesh,Kakinada,682,28,686,ANDHRA PRADESH,Kakinada,EXACT_STATE_DISTRICT_NAME,1.0,AUTO_MATCH_CANDIDATE
21,358,Odisha,Kalahandi,174,21,395,ODISHA,KALAHANDI,EXACT_STATE_DISTRICT_NAME,1.0,AUTO_MATCH_CANDIDATE
33,729,Tamil Nadu,Kallakurichi,725,33,760,TAMIL NADU,KALLAKURICHI,EXACT_STATE_DISTRICT_NAME,1.0,AUTO_MATCH_CANDIDATE
36,685,Telangana,Kamareddy,647,36,719,TELANGANA,KAMAREDDY,EXACT_STATE_DISTRICT_NAME,1.0,AUTO_MATCH_CANDIDATE
18,618,Assam,Kamrup Metro,425,18,322,ASSAM,KAMRUP METRO,EXACT_STATE_DISTRICT_NAME,1.0,AUTO_MATCH_CANDIDATE
32,557,Kerala,Kannur,114,32,589,KERALA,Kannur,EXACT_STATE_DISTRICT_NAME,1.0,AUTO_MATCH_CANDIDATE
9,157,Uttar Pradesh,Kanpur Nagar,310,09,164,UTTAR PRADESH,KANPUR NAGAR,EXACT_STATE_DISTRICT_NAME,1.0,AUTO_MATCH_CANDIDATE
3,35,Punjab,Kapurthala,264,03,036,PUNJAB,KAPURTHALA,EXACT_STATE_DISTRICT_NAME,1.0,AUTO_MATCH_CANDIDATE
37,6,Ladakh,Kargil,28,37,004,LADAKH,KARGIL,EXACT_STATE_DISTRICT_NAME,1.0,AUTO_MATCH_CANDIDATE
33,576,Tamil Nadu,Karur,704,33,613,TAMIL NADU,KARUR,EXACT_STATE_DISTRICT_NAME,1.0,AUTO_MATCH_CANDIDATE
1,7,Jammu And Kashmir,Kathua,9,01,007,JAMMU AND KASHMIR,KATHUA,EXACT_STATE_DISTRICT_NAME,1.0,AUTO_MATCH_CANDIDATE
8,770,Rajasthan,Khairthal-Tijara,519,08,777,RAJASTHAN,KHAIRTHAL-TIJARA,EXACT_STATE_DISTRICT_NAME,1.0,AUTO_MATCH_CANDIDATE
15,264,Mizoram,Lawngtlai,474,15,287,MIZORAM,LAWNGTLAI,EXACT_STATE_DISTRICT_NAME,1.0,AUTO_MATCH_CANDIDATE
20,336,Jharkhand,Lohardaga,761,20,356,JHARKHAND,LOHARDAGA,EXACT_STATE_DISTRICT_NAME,1.0,AUTO_MATCH_CANDIDATE
12,719,Arunachal Pradesh,Lower Siang,394,12,723,ARUNACHAL PRADESH,LOWER SIANG,EXACT_STATE_DISTRICT_NAME,1.0,AUTO_MATCH_CANDIDATE
9,165,Uttar Pradesh,Mahoba,317,09,169,UTTAR PRADESH,MAHOBA,EXACT_STATE_DISTRICT_NAME,1.0,AUTO_MATCH_CANDIDATE
23,415,Madhya Pradesh,Mandla,597,23,454,MADHYA PRADESH,MANDLA,EXACT_STATE_DISTRICT_NAME,1.0,AUTO_MATCH_CANDIDATE
33,735,Tamil Nadu,Mayiladuthurai,706,33,696,TAMIL NADU,MAYILADUTHURAI,EXACT_STATE_DISTRICT_NAME,1.0,AUTO_MATCH_CANDIDATE
36,513,Telangana,Medak,654,36,535,TELANGANA,MEDAK,EXACT_STATE_DISTRICT_NAME,1.0,AUTO_MATCH_CANDIDATE
9,170,Uttar Pradesh,Mirzapur,323,09,199,UTTAR PRADESH,MIRZAPUR,EXACT_STATE_DISTRICT_NAME,1.0,AUTO_MATCH_CANDIDATE
13,246,Nagaland,Mokokchung,477,13,262,NAGALAND,MOKOKCHUNG,EXACT_STATE_DISTRICT_NAME,1.0,AUTO_MATCH_CANDIDATE
9,171,Uttar Pradesh,Moradabad,324,09,135,UTTAR PRADESH,MORADABAD,EXACT_STATE_DISTRICT_NAME,1.0,AUTO_MATCH_CANDIDATE
24,673,Gujarat,Morbi,211,24,657,GUJARAT,MORBI,EXACT_STATE_DISTRICT_NAME,1.0,AUTO_MATCH_CANDIDATE
27,482,Maharashtra,Mumbai,546,27,519,MAHARASHTRA,MUMBAI,EXACT_STATE_DISTRICT_NAME,1.0,AUTO_MATCH_CANDIDATE
27,483,Maharashtra,Mumbai Suburban,559,27,518,MAHARASHTRA,MUMBAI SUBURBAN,EXACT_STATE_DISTRICT_NAME,1.0,AUTO_MATCH_CANDIDATE
36,694,Telangana,Nagarkurnool,657,36,743,TELANGANA,NAGARKURNOOL,EXACT_STATE_DISTRICT_NAME,1.0,AUTO_MATCH_CANDIDATE
10,209,Bihar,Nalanda,792,10,229,BIHAR,Nalanda,EXACT_STATE_DISTRICT_NAME,1.0,AUTO_MATCH_CANDIDATE
36,514,Telangana,Nalgonda,658,36,539,TELANGANA,NALGONDA,EXACT_STATE_DISTRICT_NAME,1.0,AUTO_MATCH_CANDIDATE
10,210,Bihar,Nawada,793,10,237,BIHAR,Nawada,EXACT_STATE_DISTRICT_NAME,1.0,AUTO_MATCH_CANDIDATE
7,80,Delhi,North,185,07,091,DELHI,NORTH,EXACT_STATE_DISTRICT_NAME,1.0,AUTO_MATCH_CANDIDATE
7,82,Delhi,North West,190,07,090,DELHI,NORTH WEST,EXACT_STATE_DISTRICT_NAME,1.0,AUTO_MATCH_CANDIDATE
32,564,Kerala,Pathanamthitta,109,32,599,KERALA,Pathanamthitta,EXACT_STATE_DISTRICT_NAME,1.0,AUTO_MATCH_CANDIDATE
24,456,Gujarat,Porbandar,216,24,478,GUJARAT,PORBANDAR,EXACT_STATE_DISTRICT_NAME,1.0,AUTO_MATCH_CANDIDATE
9,120,Uttar Pradesh,Prayagraj,328,09,175,UTTAR PRADESH,PRAYAGRAJ,EXACT_STATE_DISTRICT_NAME,1.0,AUTO_MATCH_CANDIDATE
9,175,Uttar Pradesh,Rae Bareli,329,09,158,UTTAR PRADESH,RAE BARELI,EXACT_STATE_DISTRICT_NAME,1.0,AUTO_MATCH_CANDIDATE
36,683,Telangana,Rajanna Sircilla,663,36,717,TELANGANA,RAJANNA SIRCILLA,EXACT_STATE_DISTRICT_NAME,1.0,AUTO_MATCH_CANDIDATE
1,621,Jammu And Kashmir,Ramban,18,01,017,JAMMU AND KASHMIR,RAMBAN,EXACT_STATE_DISTRICT_NAME,1.0,AUTO_MATCH_CANDIDATE
23,423,Madhya Pradesh,Ratlam,609,23,434,MADHYA PRADESH,RATLAM,EXACT_STATE_DISTRICT_NAME,1.0,AUTO_MATCH_CANDIDATE
6,72,Haryana,Rewari,241,06,085,HARYANA,REWARI,EXACT_STATE_DISTRICT_NAME,1.0,AUTO_MATCH_CANDIDATE
17,276,Meghalaya,Ri Bhoi,457,17,297,MEGHALAYA,RI-BHOI,EXACT_STATE_DISTRICT_NAME,1.0,AUTO_MATCH_CANDIDATE
6,73,Haryana,Rohtak,242,06,082,HARYANA,ROHTAK,EXACT_STATE_DISTRICT_NAME,1.0,AUTO_MATCH_CANDIDATE
1,624,Jammu And Kashmir,Samba,24,01,022,JAMMU AND KASHMIR,SAMBA,EXACT_STATE_DISTRICT_NAME,1.0,AUTO_MATCH_CANDIDATE
21,371,Odisha,Sambalpur,164,21,372,ODISHA,SAMBALPUR,EXACT_STATE_DISTRICT_NAME,1.0,AUTO_MATCH_CANDIDATE
27,493,Maharashtra,Sangli,555,27,531,MAHARASHTRA,SANGLI,EXACT_STATE_DISTRICT_NAME,1.0,AUTO_MATCH_CANDIDATE
23,427,Madhya Pradesh,Sehore,613,23,445,MADHYA PRADESH,SEHORE,EXACT_STATE_DISTRICT_NAME,1.0,AUTO_MATCH_CANDIDATE
14,257,Manipur,Senapati,448,14,272,MANIPUR,SENAPATI,EXACT_STATE_DISTRICT_NAME,1.0,AUTO_MATCH_CANDIDATE
10,219,Bihar,Sheikhpura,802,10,228,BIHAR,Sheikhpura,EXACT_STATE_DISTRICT_NAME,1.0,AUTO_MATCH_CANDIDATE
12,679,Arunachal Pradesh,Siang,391,12,722,ARUNACHAL PRADESH,SIANG,EXACT_STATE_DISTRICT_NAME,1.0,AUTO_MATCH_CANDIDATE
36,692,Telangana,Siddipet,666,36,741,TELANGANA,SIDDIPET,EXACT_STATE_DISTRICT_NAME,1.0,AUTO_MATCH_CANDIDATE
2,24,Himachal Pradesh,Sirmaur,66,02,032,HIMACHAL PRADESH,SIRMAUR,EXACT_STATE_DISTRICT_NAME,1.0,AUTO_MATCH_CANDIDATE
18,301,Assam,Sonitpur,416,18,306,ASSAM,SONITPUR,EXACT_STATE_DISTRICT_NAME,1.0,AUTO_MATCH_CANDIDATE
16,271,Tripura,South Tripura,738,16,290,TRIPURA,SOUTH TRIPURA,EXACT_STATE_DISTRICT_NAME,1.0,AUTO_MATCH_CANDIDATE
9,185,Uttar Pradesh,Sultanpur,340,09,179,UTTAR PRADESH,SULTANPUR,EXACT_STATE_DISTRICT_NAME,1.0,AUTO_MATCH_CANDIDATE
21,373,Odisha,Sundargarh,173,21,374,ODISHA,SUNDARGARH,EXACT_STATE_DISTRICT_NAME,1.0,AUTO_MATCH_CANDIDATE
24,459,Gujarat,Surat,219,24,492,GUJARAT,SURAT,EXACT_STATE_DISTRICT_NAME,1.0,AUTO_MATCH_CANDIDATE
24,460,Gujarat,Surendranagar,220,24,475,GUJARAT,SURENDRANAGAR,EXACT_STATE_DISTRICT_NAME,1.0,AUTO_MATCH_CANDIDATE
32,566,Kerala,Thrissur,111,32,594,KERALA,Thrissur,EXACT_STATE_DISTRICT_NAME,1.0,AUTO_MATCH_CANDIDATE
28,752,Andhra Pradesh,Tirupati,693,28,692,ANDHRA PRADESH,Tirupati,EXACT_STATE_DISTRICT_NAME,1.0,AUTO_MATCH_CANDIDATE
13,249,Nagaland,Tuensang,481,13,267,NAGALAND,TUENSANG,EXACT_STATE_DISTRICT_NAME,1.0,AUTO_MATCH_CANDIDATE
1,14,Jammu And Kashmir,Udhampur,10,01,019,JAMMU AND KASHMIR,UDHAMPUR,EXACT_STATE_DISTRICT_NAME,1.0,AUTO_MATCH_CANDIDATE
23,435,Madhya Pradesh,Ujjain,622,23,435,MADHYA PRADESH,UJJAIN,EXACT_STATE_DISTRICT_NAME,1.0,AUTO_MATCH_CANDIDATE
9,186,Uttar Pradesh,Unnao,341,09,156,UTTAR PRADESH,UNNAO,EXACT_STATE_DISTRICT_NAME,1.0,AUTO_MATCH_CANDIDATE
33,595,Tamil Nadu,Vellore,731,33,605,TAMIL NADU,VELLORE,EXACT_STATE_DISTRICT_NAME,1.0,AUTO_MATCH_CANDIDATE
36,693,Telangana,Wanaparthy,669,36,742,TELANGANA,WANAPARTHY,EXACT_STATE_DISTRICT_NAME,1.0,AUTO_MATCH_CANDIDATE
28,523,Andhra Pradesh,West Godavari,696,28,546,ANDHRA PRADESH,West Godavari,EXACT_STATE_DISTRICT_NAME,1.0,AUTO_MATCH_CANDIDATE
12,242,Arunachal Pradesh,West Kameng,387,12,246,ARUNACHAL PRADESH,WEST KAMENG,EXACT_STATE_DISTRICT_NAME,1.0,AUTO_MATCH_CANDIDATE
6,76,Haryana,Yamunanagar,245,06,071,HARYANA,YAMUNANAGAR,EXACT_STATE_DISTRICT_NAME,1.0,AUTO_MATCH_CANDIDATE
27,500,Maharashtra,Yavatmal,564,27,510,MAHARASHTRA,YAVATMAL,EXACT_STATE_DISTRICT_NAME,1.0,AUTO_MATCH_CANDIDATE
9,154,Uttar Pradesh,Amroha,273,09,137,UTTAR PRADESH,AMROHA,EXACT_STATE_DISTRICT_NAME,1.0,AUTO_MATCH_CANDIDATE
28,744,Andhra Pradesh,Anakapalli,673,28,685,ANDHRA PRADESH,Anakapalli,EXACT_STATE_DISTRICT_NAME,1.0,AUTO_MATCH_CANDIDATE
9,122,Uttar Pradesh,Auraiya,274,09,162,UTTAR PRADESH,AURAIYA,EXACT_STATE_DISTRICT_NAME,1.0,AUTO_MATCH_CANDIDATE
9,140,Uttar Pradesh,Ayodhya,275,09,177,UTTAR PRADESH,AYODHYA,EXACT_STATE_DISTRICT_NAME,1.0,AUTO_MATCH_CANDIDATE
18,739,Assam,Bajali,435,18,771,ASSAM,BAJALI,EXACT_STATE_DISTRICT_NAME,1.0,AUTO_MATCH_CANDIDATE
21,345,Odisha,Balangir,153,21,393,ODISHA,BALANGIR,EXACT_STATE_DISTRICT_NAME,1.0,AUTO_MATCH_CANDIDATE
9,129,Uttar Pradesh,Bara Banki,281,09,176,UTTAR PRADESH,BARA BANKI,EXACT_STATE_DISTRICT_NAME,1.0,AUTO_MATCH_CANDIDATE
36,690,Telangana,Bhadradri Kothagudem,640,36,739,TELANGANA,BHADRADRI KOTHAGUDEM,EXACT_STATE_DISTRICT_NAME,1.0,AUTO_MATCH_CANDIDATE
8,91,Rajasthan,Bharatpur,499,08,105,RAJASTHAN,BHARATPUR,EXACT_STATE_DISTRICT_NAME,1.0,AUTO_MATCH_CANDIDATE
10,193,Bihar,Bhojpur,776,10,231,BIHAR,Bhojpur,EXACT_STATE_DISTRICT_NAME,1.0,AUTO_MATCH_CANDIDATE
8,93,Rajasthan,Bikaner,501,08,101,RAJASTHAN,BIKANER,EXACT_STATE_DISTRICT_NAME,1.0,AUTO_MATCH_CANDIDATE
6,701,Haryana,Charki Dadri,226,06,732,HARYANA,CHARKI DADRI,EXACT_STATE_DISTRICT_NAME,1.0,AUTO_MATCH_CANDIDATE
28,503,Andhra Pradesh,Chittoor,677,28,554,ANDHRA PRADESH,Chittoor,EXACT_STATE_DISTRICT_NAME,1.0,AUTO_MATCH_CANDIDATE
21,351,Odisha,Deogarh,170,21,373,ODISHA,DEOGARH,EXACT_STATE_DISTRICT_NAME,1.0,AUTO_MATCH_CANDIDATE
18,284,Assam,Dhemaji,417,18,308,ASSAM,DHEMAJI,EXACT_STATE_DISTRICT_NAME,1.0,AUTO_MATCH_CANDIDATE
18,285,Assam,Dhubri,406,18,301,ASSAM,DHUBRI,EXACT_STATE_DISTRICT_NAME,1.0,AUTO_MATCH_CANDIDATE
8,768,Rajasthan,Didwana-Kuchaman,508,08,787,RAJASTHAN,DIDWANA-KUCHAMAN,EXACT_STATE_DISTRICT_NAME,1.0,AUTO_MATCH_CANDIDATE
13,244,Nagaland,Dimapur,484,13,265,NAGALAND,DIMAPUR,EXACT_STATE_DISTRICT_NAME,1.0,AUTO_MATCH_CANDIDATE
33,572,Tamil Nadu,Dindigul,722,33,612,TAMIL NADU,DINDIGUL,EXACT_STATE_DISTRICT_NAME,1.0,AUTO_MATCH_CANDIDATE
38,464,The Dadra And Nagar Haveli And Daman And Diu,Diu,3,26,494,DADRA & NAGAR HAVELI & DAMAN & DIU,DIU,EXACT_STATE_DISTRICT_NAME,1.0,AUTO_MATCH_CANDIDATE
1,4,Jammu And Kashmir,Doda,23,01,016,JAMMU AND KASHMIR,DODA,EXACT_STATE_DISTRICT_NAME,1.0,AUTO_MATCH_CANDIDATE
8,99,Rajasthan,Dungarpur,509,08,124,RAJASTHAN,DUNGARPUR,EXACT_STATE_DISTRICT_NAME,1.0,AUTO_MATCH_CANDIDATE
12,232,Arunachal Pradesh,East Siang,379,12,251,ARUNACHAL PRADESH,EAST SIANG,EXACT_STATE_DISTRICT_NAME,1.0,AUTO_MATCH_CANDIDATE
32,555,Kerala,Ernakulam,112,32,595,KERALA,Ernakulam,EXACT_STATE_DISTRICT_NAME,1.0,AUTO_MATCH_CANDIDATE
9,138,Uttar Pradesh,Etah,291,09,201,UTTAR PRADESH,ETAH,EXACT_STATE_DISTRICT_NAME,1.0,AUTO_MATCH_CANDIDATE
9,141,Uttar Pradesh,Farrukhabad,293,09,159,UTTAR PRADESH,FARRUKHABAD,EXACT_STATE_DISTRICT_NAME,1.0,AUTO_MATCH_CANDIDATE
6,61,Haryana,Fatehabad,228,06,078,HARYANA,FATEHABAD,EXACT_STATE_DISTRICT_NAME,1.0,AUTO_MATCH_CANDIDATE
9,142,Uttar Pradesh,Fatehpur,294,09,172,UTTAR PRADESH,FATEHPUR,EXACT_STATE_DISTRICT_NAME,1.0,AUTO_MATCH_CANDIDATE
29,537,Karnataka,Gadag,357,29,561,KARNATAKA,Gadag,EXACT_STATE_DISTRICT_NAME,1.0,AUTO_MATCH_CANDIDATE
11,225,Sikkim,Gangtok,33,11,244,SIKKIM,GANGTOK,EXACT_STATE_DISTRICT_NAME,1.0,AUTO_MATCH_CANDIDATE
9,145,Uttar Pradesh,Ghaziabad,297,09,140,UTTAR PRADESH,GHAZIABAD,EXACT_STATE_DISTRICT_NAME,1.0,AUTO_MATCH_CANDIDATE
9,147,Uttar Pradesh,Gonda,299,09,183,UTTAR PRADESH,GONDA,EXACT_STATE_DISTRICT_NAME,1.0,AUTO_MATCH_CANDIDATE
10,197,Bihar,Gopalganj,780,10,217,BIHAR,Gopalganj,EXACT_STATE_DISTRICT_NAME,1.0,AUTO_MATCH_CANDIDATE
3,32,Punjab,Gurdaspur,263,03,035,PUNJAB,GURDASPUR,EXACT_STATE_DISTRICT_NAME,1.0,AUTO_MATCH_CANDIDATE
23,407,Madhya Pradesh,Gwalior,589,23,421,MADHYA PRADESH,GWALIOR,EXACT_STATE_DISTRICT_NAME,1.0,AUTO_MATCH_CANDIDATE
18,289,Assam,Hailakandi,412,18,318,ASSAM,HAILAKANDI,EXACT_STATE_DISTRICT_NAME,1.0,AUTO_MATCH_CANDIDATE
8,101,Rajasthan,Hanumangarh,511,08,100,RAJASTHAN,HANUMANGARH,EXACT_STATE_DISTRICT_NAME,1.0,AUTO_MATCH_CANDIDATE
9,150,Uttar Pradesh,Hardoi,303,09,155,UTTAR PRADESH,HARDOI,EXACT_STATE_DISTRICT_NAME,1.0,AUTO_MATCH_CANDIDATE
20,332,Jharkhand,Hazaribagh,756,20,360,JHARKHAND,HAZARIBAGH,EXACT_STATE_DISTRICT_NAME,1.0,AUTO_MATCH_CANDIDATE
27,477,Maharashtra,Hingoli,542,27,512,MAHARASHTRA,HINGOLI,EXACT_STATE_DISTRICT_NAME,1.0,AUTO_MATCH_CANDIDATE
21,356,Odisha,Jajapur,172,21,382,ODISHA,JAJAPUR,EXACT_STATE_DISTRICT_NAME,1.0,AUTO_MATCH_CANDIDATE
20,333,Jharkhand,Jamtara,757,20,363,JHARKHAND,JAMTARA,EXACT_STATE_DISTRICT_NAME,1.0,AUTO_MATCH_CANDIDATE
10,198,Bihar,Jamui,781,10,238,BIHAR,Jamui,EXACT_STATE_DISTRICT_NAME,1.0,AUTO_MATCH_CANDIDATE
22,379,Chhattisgarh,Janjgir-Champa,141,22,405,CHHATTISGARH,JANJGIR - CHAMPA,EXACT_STATE_DISTRICT_NAME,1.0,AUTO_MATCH_CANDIDATE
10,199,Bihar,Jehanabad,782,10,239,BIHAR,Jehanabad,EXACT_STATE_DISTRICT_NAME,1.0,AUTO_MATCH_CANDIDATE
19,703,West Bengal,Jhargram,82,19,727,WEST BENGAL,JHARGRAM,EXACT_STATE_DISTRICT_NAME,1.0,AUTO_MATCH_CANDIDATE
10,200,Bihar,Kaimur (Bhabua),783,10,233,BIHAR,Kaimur (Bhabua),EXACT_STATE_DISTRICT_NAME,1.0,AUTO_MATCH_CANDIDATE
33,574,Tamil Nadu,Kancheepuram,733,33,604,TAMIL NADU,KANCHEEPURAM,EXACT_STATE_DISTRICT_NAME,1.0,AUTO_MATCH_CANDIDATE
21,359,Odisha,Kandhamal,159,21,390,ODISHA,KANDHAMAL,EXACT_STATE_DISTRICT_NAME,1.0,AUTO_MATCH_CANDIDATE
9,155,Uttar Pradesh,Kannauj,308,09,160,UTTAR PRADESH,KANNAUJ,EXACT_STATE_DISTRICT_NAME,1.0,AUTO_MATCH_CANDIDATE
6,67,Haryana,Karnal,234,06,074,HARYANA,KARNAL,EXACT_STATE_DISTRICT_NAME,1.0,AUTO_MATCH_CANDIDATE
9,633,Uttar Pradesh,Kasganj,311,09,202,UTTAR PRADESH,KASGANJ,EXACT_STATE_DISTRICT_NAME,1.0,AUTO_MATCH_CANDIDATE
23,413,Madhya Pradesh,Katni,625,23,450,MADHYA PRADESH,KATNI,EXACT_STATE_DISTRICT_NAME,1.0,AUTO_MATCH_CANDIDATE
10,202,Bihar,Khagaria,785,10,223,BIHAR,Khagaria,EXACT_STATE_DISTRICT_NAME,1.0,AUTO_MATCH_CANDIDATE
2,19,Himachal Pradesh,Kinnaur,64,02,034,HIMACHAL PRADESH,KINNAUR,EXACT_STATE_DISTRICT_NAME,1.0,AUTO_MATCH_CANDIDATE
13,614,Nagaland,Kiphire,489,13,269,NAGALAND,KIPHIRE,EXACT_STATE_DISTRICT_NAME,1.0,AUTO_MATCH_CANDIDATE
10,203,Bihar,Kishanganj,786,10,210,BIHAR,Kishanganj,EXACT_STATE_DISTRICT_NAME,1.0,AUTO_MATCH_CANDIDATE
20,334,Jharkhand,Koderma,759,20,348,JHARKHAND,KODERMA,EXACT_STATE_DISTRICT_NAME,1.0,AUTO_MATCH_CANDIDATE
29,543,Karnataka,Koppal,351,29,560,KARNATAKA,Koppal,EXACT_STATE_DISTRICT_NAME,1.0,AUTO_MATCH_CANDIDATE
8,782,Rajasthan,Kotputli-Behror,521,08,780,RAJASTHAN,KOTPUTLI-BEHROR,EXACT_STATE_DISTRICT_NAME,1.0,AUTO_MATCH_CANDIDATE
32,560,Kerala,Kottayam,103,32,597,KERALA,Kottayam,EXACT_STATE_DISTRICT_NAME,1.0,AUTO_MATCH_CANDIDATE
32,561,Kerala,Kozhikode,105,32,591,KERALA,Kozhikode,EXACT_STATE_DISTRICT_NAME,1.0,AUTO_MATCH_CANDIDATE
28,510,Andhra Pradesh,Krishna,683,28,547,ANDHRA PRADESH,Krishna,EXACT_STATE_DISTRICT_NAME,1.0,AUTO_MATCH_CANDIDATE
1,622,Jammu And Kashmir,Kulgam,14,01,015,JAMMU AND KASHMIR,KULGAM,EXACT_STATE_DISTRICT_NAME,1.0,AUTO_MATCH_CANDIDATE
1,8,Jammu And Kashmir,Kupwara,15,01,001,JAMMU AND KASHMIR,KUPWARA,EXACT_STATE_DISTRICT_NAME,1.0,AUTO_MATCH_CANDIDATE
28,511,Andhra Pradesh,Kurnool,684,28,552,ANDHRA PRADESH,Kurnool,EXACT_STATE_DISTRICT_NAME,1.0,AUTO_MATCH_CANDIDATE
10,204,Bihar,Lakhisarai,787,10,227,BIHAR,Lakhisarai,EXACT_STATE_DISTRICT_NAME,1.0,AUTO_MATCH_CANDIDATE
27,481,Maharashtra,Latur,545,27,524,MAHARASHTRA,LATUR,EXACT_STATE_DISTRICT_NAME,1.0,AUTO_MATCH_CANDIDATE
15,265,Mizoram,Lunglei,468,15,286,MIZORAM,LUNGLEI,EXACT_STATE_DISTRICT_NAME,1.0,AUTO_MATCH_CANDIDATE
36,688,Telangana,Mahabubabad,651,36,738,TELANGANA,MAHABUBABAD,EXACT_STATE_DISTRICT_NAME,1.0,AUTO_MATCH_CANDIDATE
24,451,Gujarat,Mahesana,209,24,471,GUJARAT,MAHESANA,EXACT_STATE_DISTRICT_NAME,1.0,AUTO_MATCH_CANDIDATE
9,164,Uttar Pradesh,Mahrajganj,318,09,187,UTTAR PRADESH,MAHRAJGANJ,EXACT_STATE_DISTRICT_NAME,1.0,AUTO_MATCH_CANDIDATE
15,266,Mizoram,Mamit,469,15,281,MIZORAM,MAMIT,EXACT_STATE_DISTRICT_NAME,1.0,AUTO_MATCH_CANDIDATE
2,22,Himachal Pradesh,Mandi,69,02,027,HIMACHAL PRADESH,MANDI,EXACT_STATE_DISTRICT_NAME,1.0,AUTO_MATCH_CANDIDATE
21,365,Odisha,Mayurbhanj,157,21,376,ODISHA,MAYURBHANJ,EXACT_STATE_DISTRICT_NAME,1.0,AUTO_MATCH_CANDIDATE
36,700,Telangana,Medchal Malkajgiri,655,36,749,TELANGANA,MEDCHAL-MALKAJGIRI,EXACT_STATE_DISTRICT_NAME,1.0,AUTO_MATCH_CANDIDATE
23,417,Madhya Pradesh,Morena,600,23,419,MADHYA PRADESH,MORENA,EXACT_STATE_DISTRICT_NAME,1.0,AUTO_MATCH_CANDIDATE
19,320,West Bengal,Nadia,92,19,336,WEST BENGAL,NADIA,EXACT_STATE_DISTRICT_NAME,1.0,AUTO_MATCH_CANDIDATE
27,485,Maharashtra,Nanded,548,27,511,MAHARASHTRA,NANDED,EXACT_STATE_DISTRICT_NAME,1.0,AUTO_MATCH_CANDIDATE
27,486,Maharashtra,Nandurbar,550,27,497,MAHARASHTRA,NANDURBAR,EXACT_STATE_DISTRICT_NAME,1.0,AUTO_MATCH_CANDIDATE
36,721,Telangana,Narayanpet,659,36,763,TELANGANA,NARAYANPET,EXACT_STATE_DISTRICT_NAME,1.0,AUTO_MATCH_CANDIDATE
23,418,Madhya Pradesh,Narsimhapur,602,23,452,MADHYA PRADESH,NARSIMHAPUR,EXACT_STATE_DISTRICT_NAME,1.0,AUTO_MATCH_CANDIDATE
23,419,Madhya Pradesh,Neemuch,603,23,432,MADHYA PRADESH,NEEMUCH,EXACT_STATE_DISTRICT_NAME,1.0,AUTO_MATCH_CANDIDATE
35,603,Andaman And Nicobar Islands,Nicobars,77,35,638,ANDAMAN AND NICOBAR ISLANDS,NICOBARS,EXACT_STATE_DISTRICT_NAME,1.0,AUTO_MATCH_CANDIDATE
36,680,Telangana,Nirmal,660,36,700,TELANGANA,NIRMAL,EXACT_STATE_DISTRICT_NAME,1.0,AUTO_MATCH_CANDIDATE
23,722,Madhya Pradesh,Niwari,604,23,753,MADHYA PRADESH,NIWARI,EXACT_STATE_DISTRICT_NAME,1.0,AUTO_MATCH_CANDIDATE
36,516,Telangana,Nizamabad,661,36,533,TELANGANA,NIZAMABAD,EXACT_STATE_DISTRICT_NAME,1.0,AUTO_MATCH_CANDIDATE
13,736,Nagaland,Noklak,480,13,708,NAGALAND,NOKLAK,EXACT_STATE_DISTRICT_NAME,1.0,AUTO_MATCH_CANDIDATE
30,551,Goa,North Goa,533,30,585,GOA,NORTH GOA,EXACT_STATE_DISTRICT_NAME,1.0,AUTO_MATCH_CANDIDATE
12,723,Arunachal Pradesh,Pakke Kessang,393,12,726,ARUNACHAL PRADESH,PAKKE KESSANG,EXACT_STATE_DISTRICT_NAME,1.0,AUTO_MATCH_CANDIDATE
20,337,Jharkhand,Pakur,762,20,353,JHARKHAND,PAKUR,EXACT_STATE_DISTRICT_NAME,1.0,AUTO_MATCH_CANDIDATE
23,785,Madhya Pradesh,Pandhurna,605,23,769,MADHYA PRADESH,PANDHURNA,EXACT_STATE_DISTRICT_NAME,1.0,AUTO_MATCH_CANDIDATE
27,489,Maharashtra,Parbhani,568,27,513,MAHARASHTRA,PARBHANI,EXACT_STATE_DISTRICT_NAME,1.0,AUTO_MATCH_CANDIDATE
3,41,Punjab,Patiala,260,03,048,PUNJAB,PATIALA,EXACT_STATE_DISTRICT_NAME,1.0,AUTO_MATCH_CANDIDATE
10,212,Bihar,Patna,795,10,230,BIHAR,Patna,EXACT_STATE_DISTRICT_NAME,1.0,AUTO_MATCH_CANDIDATE
36,682,Telangana,Peddapalli,662,36,715,TELANGANA,PEDDAPALLI,EXACT_STATE_DISTRICT_NAME,1.0,AUTO_MATCH_CANDIDATE
9,174,Uttar Pradesh,Pratapgarh,327,09,173,UTTAR PRADESH,PRATAPGARH,EXACT_STATE_DISTRICT_NAME,1.0,AUTO_MATCH_CANDIDATE
34,600,Puducherry,Puducherry,736,34,635,PUDUCHERRY,PUDUCHERRY,EXACT_STATE_DISTRICT_NAME,1.0,AUTO_MATCH_CANDIDATE
1,11,Jammu And Kashmir,Pulwama,16,01,012,JAMMU AND KASHMIR,PULWAMA,EXACT_STATE_DISTRICT_NAME,1.0,AUTO_MATCH_CANDIDATE
27,490,Maharashtra,Pune,552,27,521,MAHARASHTRA,PUNE,EXACT_STATE_DISTRICT_NAME,1.0,AUTO_MATCH_CANDIDATE
27,491,Maharashtra,Raigad,553,27,520,MAHARASHTRA,RAIGAD,EXACT_STATE_DISTRICT_NAME,1.0,AUTO_MATCH_CANDIDATE
22,386,Chhattisgarh,Raigarh,143,22,403,CHHATTISGARH,RAIGARH,EXACT_STATE_DISTRICT_NAME,1.0,AUTO_MATCH_CANDIDATE
22,387,Chhattisgarh,Raipur,132,22,410,CHHATTISGARH,RAIPUR,EXACT_STATE_DISTRICT_NAME,1.0,AUTO_MATCH_CANDIDATE
23,422,Madhya Pradesh,Rajgarh,608,23,442,MADHYA PRADESH,RAJGARH,EXACT_STATE_DISTRICT_NAME,1.0,AUTO_MATCH_CANDIDATE
24,458,Gujarat,Sabar Kantha,218,24,472,GUJARAT,SABAR KANTHA,EXACT_STATE_DISTRICT_NAME,1.0,AUTO_MATCH_CANDIDATE
9,177,Uttar Pradesh,Saharanpur,331,09,132,UTTAR PRADESH,SAHARANPUR,EXACT_STATE_DISTRICT_NAME,1.0,AUTO_MATCH_CANDIDATE
15,727,Mizoram,Saitual,473,15,682,MIZORAM,SAITUAL,EXACT_STATE_DISTRICT_NAME,1.0,AUTO_MATCH_CANDIDATE
33,584,Tamil Nadu,Salem,724,33,608,TAMIL NADU,SALEM,EXACT_STATE_DISTRICT_NAME,1.0,AUTO_MATCH_CANDIDATE
8,777,Rajasthan,Salumbar,527,08,775,RAJASTHAN,SALUMBAR,EXACT_STATE_DISTRICT_NAME,1.0,AUTO_MATCH_CANDIDATE
9,659,Uttar Pradesh,Sambhal,332,09,663,UTTAR PRADESH,SAMBHAL,EXACT_STATE_DISTRICT_NAME,1.0,AUTO_MATCH_CANDIDATE
36,691,Telangana,Sangareddy,665,36,740,TELANGANA,SANGAREDDY,EXACT_STATE_DISTRICT_NAME,1.0,AUTO_MATCH_CANDIDATE
10,218,Bihar,Saran,801,10,219,BIHAR,Saran,EXACT_STATE_DISTRICT_NAME,1.0,AUTO_MATCH_CANDIDATE
22,763,Chhattisgarh,Sarangarh-Bilaigarh,146,22,757,CHHATTISGARH,SARANGARH-BILAIGARH,EXACT_STATE_DISTRICT_NAME,1.0,AUTO_MATCH_CANDIDATE
23,426,Madhya Pradesh,Satna,612,23,429,MADHYA PRADESH,SATNA,EXACT_STATE_DISTRICT_NAME,1.0,AUTO_MATCH_CANDIDATE
7,671,Delhi,Shahdara,186,07,676,DELHI,SHAHDARA,EXACT_STATE_DISTRICT_NAME,1.0,AUTO_MATCH_CANDIDATE
13,765,Nagaland,Shamator,482,13,712,NAGALAND,SHAMATOR,EXACT_STATE_DISTRICT_NAME,1.0,AUTO_MATCH_CANDIDATE
9,660,Uttar Pradesh,Shamli,335,09,662,UTTAR PRADESH,SHAMLI,EXACT_STATE_DISTRICT_NAME,1.0,AUTO_MATCH_CANDIDATE
2,23,Himachal Pradesh,Shimla,63,02,033,HIMACHAL PRADESH,SHIMLA,EXACT_STATE_DISTRICT_NAME,1.0,AUTO_MATCH_CANDIDATE
29,547,Karnataka,Shivamogga,365,29,568,KARNATAKA,Shivamogga,EXACT_STATE_DISTRICT_NAME,1.0,AUTO_MATCH_CANDIDATE
12,725,Arunachal Pradesh,Shi Yomi,388,12,730,ARUNACHAL PRADESH,SHI YOMI,EXACT_STATE_DISTRICT_NAME,1.0,AUTO_MATCH_CANDIDATE
10,221,Bihar,Sitamarhi,804,10,206,BIHAR,Sitamarhi,EXACT_STATE_DISTRICT_NAME,1.0,AUTO_MATCH_CANDIDATE
6,75,Haryana,Sonipat,244,06,076,HARYANA,SONIPAT,EXACT_STATE_DISTRICT_NAME,1.0,AUTO_MATCH_CANDIDATE
35,602,Andaman And Nicobar Islands,South Andamans,76,35,640,ANDAMAN AND NICOBAR ISLANDS,SOUTH ANDAMANS,EXACT_STATE_DISTRICT_NAME,1.0,AUTO_MATCH_CANDIDATE
3,39,Punjab,Sri Muktsar Sahib,250,03,044,PUNJAB,SRI MUKTSAR SAHIB,EXACT_STATE_DISTRICT_NAME,1.0,AUTO_MATCH_CANDIDATE
1,13,Jammu And Kashmir,Srinagar,21,01,010,JAMMU AND KASHMIR,SRINAGAR,EXACT_STATE_DISTRICT_NAME,1.0,AUTO_MATCH_CANDIDATE
28,515,Andhra Pradesh,Sri Potti Sriramulu Nellore,690,28,550,ANDHRA PRADESH,Sri Potti Sriramulu Nellore,EXACT_STATE_DISTRICT_NAME,1.0,AUTO_MATCH_CANDIDATE
28,754,Andhra Pradesh,Sri Sathya Sai,691,28,695,ANDHRA PRADESH,Sri Sathya Sai,EXACT_STATE_DISTRICT_NAME,1.0,AUTO_MATCH_CANDIDATE
24,641,Gujarat,Tapi,221,24,493,GUJARAT,TAPI,EXACT_STATE_DISTRICT_NAME,1.0,AUTO_MATCH_CANDIDATE
14,259,Manipur,Thoubal,451,14,276,MANIPUR,THOUBAL,EXACT_STATE_DISTRICT_NAME,1.0,AUTO_MATCH_CANDIDATE
33,592,Tamil Nadu,Tirunelveli,715,33,628,TAMIL NADU,TIRUNELVELI,EXACT_STATE_DISTRICT_NAME,1.0,AUTO_MATCH_CANDIDATE
13,757,Nagaland,Tseminyu,491,13,710,NAGALAND,TSEMINYU,EXACT_STATE_DISTRICT_NAME,1.0,AUTO_MATCH_CANDIDATE
23,436,Madhya Pradesh,Umaria,623,23,431,MADHYA PRADESH,UMARIA,EXACT_STATE_DISTRICT_NAME,1.0,AUTO_MATCH_CANDIDATE
24,461,Gujarat,Vadodara,222,24,486,GUJARAT,VADODARA,EXACT_STATE_DISTRICT_NAME,1.0,AUTO_MATCH_CANDIDATE
10,224,Bihar,Vaishali,807,10,220,BIHAR,Vaishali,EXACT_STATE_DISTRICT_NAME,1.0,AUTO_MATCH_CANDIDATE
24,462,Gujarat,Valsad,223,24,491,GUJARAT,VALSAD,EXACT_STATE_DISTRICT_NAME,1.0,AUTO_MATCH_CANDIDATE
33,596,Tamil Nadu,Viluppuram,730,33,607,TAMIL NADU,VILUPPURAM,EXACT_STATE_DISTRICT_NAME,1.0,AUTO_MATCH_CANDIDATE
28,520,Andhra Pradesh,Visakhapatnam,694,28,544,ANDHRA PRADESH,Visakhapatnam,EXACT_STATE_DISTRICT_NAME,1.0,AUTO_MATCH_CANDIDATE
28,521,Andhra Pradesh,Vizianagaram,695,28,543,ANDHRA PRADESH,Vizianagaram,EXACT_STATE_DISTRICT_NAME,1.0,AUTO_MATCH_CANDIDATE
7,85,Delhi,West,181,07,096,DELHI,WEST,EXACT_STATE_DISTRICT_NAME,1.0,AUTO_MATCH_CANDIDATE
24,440,Gujarat,Anand,193,24,482,GUJARAT,ANAND,EXACT_STATE_DISTRICT_NAME,1.0,AUTO_MATCH_CANDIDATE
28,502,Andhra Pradesh,Ananthapuramu,674,28,553,ANDHRA PRADESH,Ananthapuramu,EXACT_STATE_DISTRICT_NAME,1.0,AUTO_MATCH_CANDIDATE
21,344,Odisha,Anugul,152,21,384,ODISHA,ANUGUL,EXACT_STATE_DISTRICT_NAME,1.0,AUTO_MATCH_CANDIDATE
23,390,Madhya Pradesh,Anuppur,573,23,461,MADHYA PRADESH,ANUPPUR,EXACT_STATE_DISTRICT_NAME,1.0,AUTO_MATCH_CANDIDATE
10,188,Bihar,Araria,770,10,209,BIHAR,Araria,EXACT_STATE_DISTRICT_NAME,1.0,AUTO_MATCH_CANDIDATE
33,610,Tamil Nadu,Ariyalur,698,33,616,TAMIL NADU,ARIYALUR,EXACT_STATE_DISTRICT_NAME,1.0,AUTO_MATCH_CANDIDATE
23,391,Madhya Pradesh,Ashoknagar,574,23,459,MADHYA PRADESH,ASHOKNAGAR,EXACT_STATE_DISTRICT_NAME,1.0,AUTO_MATCH_CANDIDATE
9,124,Uttar Pradesh,Baghpat,277,09,139,UTTAR PRADESH,BAGHPAT,EXACT_STATE_DISTRICT_NAME,1.0,AUTO_MATCH_CANDIDATE
23,392,Madhya Pradesh,Balaghat,575,23,457,MADHYA PRADESH,BALAGHAT,EXACT_STATE_DISTRICT_NAME,1.0,AUTO_MATCH_CANDIDATE
8,775,Rajasthan,Balotra,494,08,785,RAJASTHAN,BALOTRA,EXACT_STATE_DISTRICT_NAME,1.0,AUTO_MATCH_CANDIDATE
24,441,Gujarat,Banas Kantha,195,24,469,GUJARAT,BANAS KANTHA,EXACT_STATE_DISTRICT_NAME,1.0,AUTO_MATCH_CANDIDATE
8,88,Rajasthan,Banswara,495,08,125,RAJASTHAN,BANSWARA,EXACT_STATE_DISTRICT_NAME,1.0,AUTO_MATCH_CANDIDATE
8,89,Rajasthan,Baran,496,08,128,RAJASTHAN,BARAN,EXACT_STATE_DISTRICT_NAME,1.0,AUTO_MATCH_CANDIDATE
21,347,Odisha,Bargarh,150,21,370,ODISHA,BARGARH,EXACT_STATE_DISTRICT_NAME,1.0,AUTO_MATCH_CANDIDATE
9,131,Uttar Pradesh,Basti,283,09,185,UTTAR PRADESH,BASTI,EXACT_STATE_DISTRICT_NAME,1.0,AUTO_MATCH_CANDIDATE
8,774,Rajasthan,Beawar,498,08,779,RAJASTHAN,BEAWAR,EXACT_STATE_DISTRICT_NAME,1.0,AUTO_MATCH_CANDIDATE
24,442,Gujarat,Bharuch,196,24,488,GUJARAT,BHARUCH,EXACT_STATE_DISTRICT_NAME,1.0,AUTO_MATCH_CANDIDATE
23,396,Madhya Pradesh,Bhopal,579,23,444,MADHYA PRADESH,BHOPAL,EXACT_STATE_DISTRICT_NAME,1.0,AUTO_MATCH_CANDIDATE
21,349,Odisha,Boudh,169,21,391,ODISHA,BOUDH,EXACT_STATE_DISTRICT_NAME,1.0,AUTO_MATCH_CANDIDATE
27,472,Maharashtra,Buldhana,567,27,500,MAHARASHTRA,BULDHANA,EXACT_STATE_DISTRICT_NAME,1.0,AUTO_MATCH_CANDIDATE
23,397,Madhya Pradesh,Burhanpur,580,23,467,MADHYA PRADESH,BURHANPUR,EXACT_STATE_DISTRICT_NAME,1.0,AUTO_MATCH_CANDIDATE
20,323,Jharkhand,Chatra,747,20,347,JHARKHAND,CHATRA,EXACT_STATE_DISTRICT_NAME,1.0,AUTO_MATCH_CANDIDATE
29,533,Karnataka,Chitradurga,350,29,566,KARNATAKA,Chitradurga,EXACT_STATE_DISTRICT_NAME,1.0,AUTO_MATCH_CANDIDATE
13,758,Nagaland,Chumoukedima,485,13,711,NAGALAND,CHUMOUKEDIMA,EXACT_STATE_DISTRICT_NAME,1.0,AUTO_MATCH_CANDIDATE
8,96,Rajasthan,Churu,504,08,102,RAJASTHAN,CHURU,EXACT_STATE_DISTRICT_NAME,1.0,AUTO_MATCH_CANDIDATE
38,465,The Dadra And Nagar Haveli And Daman And Diu,Dadra And Nagar Haveli,1,26,496,DADRA & NAGAR HAVELI & DAMAN & DIU,DADRA AND NAGAR HAVELI,EXACT_STATE_DISTRICT_NAME,1.0,AUTO_MATCH_CANDIDATE
20,324,Jharkhand,Deoghar,748,20,350,JHARKHAND,DEOGHAR,EXACT_STATE_DISTRICT_NAME,1.0,AUTO_MATCH_CANDIDATE
24,674,Gujarat,Devbhumi Dwarka,202,24,656,GUJARAT,DEVBHUMI DWARKA,EXACT_STATE_DISTRICT_NAME,1.0,AUTO_MATCH_CANDIDATE
22,377,Chhattisgarh,Dhamtari,128,22,412,CHHATTISGARH,DHAMTARI,EXACT_STATE_DISTRICT_NAME,1.0,AUTO_MATCH_CANDIDATE
18,299,Assam,Dima Hasao,409,18,315,ASSAM,DIMA HASAO,EXACT_STATE_DISTRICT_NAME,1.0,AUTO_MATCH_CANDIDATE
20,326,Jharkhand,Dumka,750,20,362,JHARKHAND,DUMKA,EXACT_STATE_DISTRICT_NAME,1.0,AUTO_MATCH_CANDIDATE
7,78,Delhi,East,183,07,093,DELHI,EAST,EXACT_STATE_DISTRICT_NAME,1.0,AUTO_MATCH_CANDIDATE
17,740,Meghalaya,Eastern West Khasi Hills,463,17,765,MEGHALAYA,EASTERN WEST KHASI HILLS,EXACT_STATE_DISTRICT_NAME,1.0,AUTO_MATCH_CANDIDATE
28,505,Andhra Pradesh,East Godavari,679,28,545,ANDHRA PRADESH,East Godavari,EXACT_STATE_DISTRICT_NAME,1.0,AUTO_MATCH_CANDIDATE
27,475,Maharashtra,Gadchiroli,540,27,508,MAHARASHTRA,GADCHIROLI,EXACT_STATE_DISTRICT_NAME,1.0,AUTO_MATCH_CANDIDATE
21,353,Odisha,Gajapati,165,21,389,ODISHA,GAJAPATI,EXACT_STATE_DISTRICT_NAME,1.0,AUTO_MATCH_CANDIDATE
1,626,Jammu And Kashmir,Ganderbal,13,01,011,JAMMU AND KASHMIR,GANDERBAL,EXACT_STATE_DISTRICT_NAME,1.0,AUTO_MATCH_CANDIDATE
22,734,Chhattisgarh,Gaurela-Pendra-Marwahi,116,22,669,CHHATTISGARH,GAURELA-PENDRA-MARWAHI,EXACT_STATE_DISTRICT_NAME,1.0,AUTO_MATCH_CANDIDATE
20,329,Jharkhand,Giridih,753,20,349,JHARKHAND,GIRIDIH,EXACT_STATE_DISTRICT_NAME,1.0,AUTO_MATCH_CANDIDATE
24,675,Gujarat,Gir Somnath,204,24,652,GUJARAT,GIR SOMNATH,EXACT_STATE_DISTRICT_NAME,1.0,AUTO_MATCH_CANDIDATE
18,287,Assam,Goalpara,427,18,302,ASSAM,GOALPARA,EXACT_STATE_DISTRICT_NAME,1.0,AUTO_MATCH_CANDIDATE
27,476,Maharashtra,Gondia,541,27,507,MAHARASHTRA,GONDIA,EXACT_STATE_DISTRICT_NAME,1.0,AUTO_MATCH_CANDIDATE
28,506,Andhra Pradesh,Guntur,681,28,548,ANDHRA PRADESH,Guntur,EXACT_STATE_DISTRICT_NAME,1.0,AUTO_MATCH_CANDIDATE
18,709,Assam,Hojai,431,18,720,ASSAM,HOJAI,EXACT_STATE_DISTRICT_NAME,1.0,AUTO_MATCH_CANDIDATE
3,33,Punjab,Hoshiarpur,256,03,038,PUNJAB,HOSHIARPUR,EXACT_STATE_DISTRICT_NAME,1.0,AUTO_MATCH_CANDIDATE
14,256,Manipur,Imphal West,441,14,277,MANIPUR,IMPHAL WEST,EXACT_STATE_DISTRICT_NAME,1.0,AUTO_MATCH_CANDIDATE
23,411,Madhya Pradesh,Jabalpur,592,23,451,MADHYA PRADESH,JABALPUR,EXACT_STATE_DISTRICT_NAME,1.0,AUTO_MATCH_CANDIDATE
3,34,Punjab,Jalandhar,252,03,037,PUNJAB,JALANDHAR,EXACT_STATE_DISTRICT_NAME,1.0,AUTO_MATCH_CANDIDATE
27,478,Maharashtra,Jalgaon,543,27,499,MAHARASHTRA,JALGAON,EXACT_STATE_DISTRICT_NAME,1.0,AUTO_MATCH_CANDIDATE
1,5,Jammu And Kashmir,Jammu,25,01,021,JAMMU AND KASHMIR,JAMMU,EXACT_STATE_DISTRICT_NAME,1.0,AUTO_MATCH_CANDIDATE
36,695,Telangana,Jogulamba Gadwal,646,36,744,TELANGANA,JOGULAMBA GADWAL,EXACT_STATE_DISTRICT_NAME,1.0,AUTO_MATCH_CANDIDATE
14,711,Manipur,Kakching,443,14,651,MANIPUR,KAKCHING,EXACT_STATE_DISTRICT_NAME,1.0,AUTO_MATCH_CANDIDATE
29,538,Karnataka,Kalaburagi,360,29,579,KARNATAKA,Kalaburagi,EXACT_STATE_DISTRICT_NAME,1.0,AUTO_MATCH_CANDIDATE
14,712,Manipur,Kangpokpi,445,14,679,MANIPUR,KANGPOKPI,EXACT_STATE_DISTRICT_NAME,1.0,AUTO_MATCH_CANDIDATE
18,292,Assam,Karbi Anglong,408,18,314,ASSAM,KARBI ANGLONG,EXACT_STATE_DISTRICT_NAME,1.0,AUTO_MATCH_CANDIDATE
32,558,Kerala,Kasaragod,106,32,588,KERALA,Kasaragod,EXACT_STATE_DISTRICT_NAME,1.0,AUTO_MATCH_CANDIDATE
36,509,Telangana,Khammam,649,36,541,TELANGANA,KHAMMAM,EXACT_STATE_DISTRICT_NAME,1.0,AUTO_MATCH_CANDIDATE
15,728,Mizoram,Khawzawl,475,15,703,MIZORAM,KHAWZAWL,EXACT_STATE_DISTRICT_NAME,1.0,AUTO_MATCH_CANDIDATE
21,362,Odisha,Khordha,168,21,386,ODISHA,KHORDHA,EXACT_STATE_DISTRICT_NAME,1.0,AUTO_MATCH_CANDIDATE
29,541,Karnataka,Kodagu,373,29,576,KARNATAKA,Kodagu,EXACT_STATE_DISTRICT_NAME,1.0,AUTO_MATCH_CANDIDATE
21,363,Odisha,Koraput,161,21,398,ODISHA,KORAPUT,EXACT_STATE_DISTRICT_NAME,1.0,AUTO_MATCH_CANDIDATE
22,383,Chhattisgarh,Korba,135,22,404,CHHATTISGARH,KORBA,EXACT_STATE_DISTRICT_NAME,1.0,AUTO_MATCH_CANDIDATE
22,384,Chhattisgarh,Korea,144,22,400,CHHATTISGARH,KOREA,EXACT_STATE_DISTRICT_NAME,1.0,AUTO_MATCH_CANDIDATE
12,677,Arunachal Pradesh,Kra Daadi,397,12,721,ARUNACHAL PRADESH,KRA DAADI,EXACT_STATE_DISTRICT_NAME,1.0,AUTO_MATCH_CANDIDATE
33,577,Tamil Nadu,Krishnagiri,705,33,631,TAMIL NADU,KRISHNAGIRI,EXACT_STATE_DISTRICT_NAME,1.0,AUTO_MATCH_CANDIDATE
6,68,Haryana,Kurukshetra,235,06,072,HARYANA,KURUKSHETRA,EXACT_STATE_DISTRICT_NAME,1.0,AUTO_MATCH_CANDIDATE
18,295,Assam,Lakhimpur,420,18,307,ASSAM,LAKHIMPUR,EXACT_STATE_DISTRICT_NAME,1.0,AUTO_MATCH_CANDIDATE
12,666,Arunachal Pradesh,Longding,392,12,680,ARUNACHAL PRADESH,LONGDING,EXACT_STATE_DISTRICT_NAME,1.0,AUTO_MATCH_CANDIDATE
12,236,Arunachal Pradesh,Lower Subansiri,400,12,255,ARUNACHAL PRADESH,LOWER SUBANSIRI,EXACT_STATE_DISTRICT_NAME,1.0,AUTO_MATCH_CANDIDATE
3,36,Punjab,Ludhiana,247,03,041,PUNJAB,LUDHIANA,EXACT_STATE_DISTRICT_NAME,1.0,AUTO_MATCH_CANDIDATE
22,385,Chhattisgarh,Mahasamund,130,22,411,CHHATTISGARH,MAHASAMUND,EXACT_STATE_DISTRICT_NAME,1.0,AUTO_MATCH_CANDIDATE
23,416,Madhya Pradesh,Mandsaur,598,23,433,MADHYA PRADESH,MANDSAUR,EXACT_STATE_DISTRICT_NAME,1.0,AUTO_MATCH_CANDIDATE
29,544,Karnataka,Mandya,363,29,573,KARNATAKA,Mandya,EXACT_STATE_DISTRICT_NAME,1.0,AUTO_MATCH_CANDIDATE
23,766,Madhya Pradesh,MAUGANJ,599,23,767,MADHYA PRADESH,MAUGANJ,EXACT_STATE_DISTRICT_NAME,1.0,AUTO_MATCH_CANDIDATE
18,297,Assam,Nagaon,423,18,305,ASSAM,NAGAON,EXACT_STATE_DISTRICT_NAME,1.0,AUTO_MATCH_CANDIDATE
18,298,Assam,Nalbari,426,18,323,ASSAM,NALBARI,EXACT_STATE_DISTRICT_NAME,1.0,AUTO_MATCH_CANDIDATE
33,580,Tamil Nadu,Namakkal,723,33,609,TAMIL NADU,NAMAKKAL,EXACT_STATE_DISTRICT_NAME,1.0,AUTO_MATCH_CANDIDATE
12,678,Arunachal Pradesh,Namsai,389,12,724,ARUNACHAL PRADESH,NAMSAI,EXACT_STATE_DISTRICT_NAME,1.0,AUTO_MATCH_CANDIDATE
28,755,Andhra Pradesh,Nandyal,685,28,694,ANDHRA PRADESH,Nandyal,EXACT_STATE_DISTRICT_NAME,1.0,AUTO_MATCH_CANDIDATE
7,79,Delhi,New Delhi,184,07,094,DELHI,NEW DELHI,EXACT_STATE_DISTRICT_NAME,1.0,AUTO_MATCH_CANDIDATE
24,454,Gujarat,Panch Mahals,214,24,484,GUJARAT,PANCH MAHALS,EXACT_STATE_DISTRICT_NAME,1.0,AUTO_MATCH_CANDIDATE
10,211,Bihar,Pashchim Champaran,794,10,203,BIHAR,Pashchim Champaran,EXACT_STATE_DISTRICT_NAME,1.0,AUTO_MATCH_CANDIDATE
24,455,Gujarat,Patan,215,24,470,GUJARAT,PATAN,EXACT_STATE_DISTRICT_NAME,1.0,AUTO_MATCH_CANDIDATE
33,581,Tamil Nadu,Perambalur,707,33,615,TAMIL NADU,PERAMBALUR,EXACT_STATE_DISTRICT_NAME,1.0,AUTO_MATCH_CANDIDATE
13,613,Nagaland,Peren,487,13,271,NAGALAND,PEREN,EXACT_STATE_DISTRICT_NAME,1.0,AUTO_MATCH_CANDIDATE
13,248,Nagaland,Phek,490,13,266,NAGALAND,PHEK,EXACT_STATE_DISTRICT_NAME,1.0,AUTO_MATCH_CANDIDATE
14,715,Manipur,Pherzawl,447,14,718,MANIPUR,PHERZAWL,EXACT_STATE_DISTRICT_NAME,1.0,AUTO_MATCH_CANDIDATE
28,517,Andhra Pradesh,Prakasam,689,28,549,ANDHRA PRADESH,Prakasam,EXACT_STATE_DISTRICT_NAME,1.0,AUTO_MATCH_CANDIDATE
8,629,Rajasthan,Pratapgarh,525,08,131,RAJASTHAN,PRATAPGARH,EXACT_STATE_DISTRICT_NAME,1.0,AUTO_MATCH_CANDIDATE
33,582,Tamil Nadu,Pudukkottai,727,33,621,TAMIL NADU,PUDUKKOTTAI,EXACT_STATE_DISTRICT_NAME,1.0,AUTO_MATCH_CANDIDATE
10,214,Bihar,Purnia,797,10,211,BIHAR,Purnia,EXACT_STATE_DISTRICT_NAME,1.0,AUTO_MATCH_CANDIDATE
22,388,Chhattisgarh,Rajnandgaon,139,22,408,CHHATTISGARH,RAJNANDGAON,EXACT_STATE_DISTRICT_NAME,1.0,AUTO_MATCH_CANDIDATE
8,112,Rajasthan,Rajsamand,526,08,123,RAJASTHAN,RAJSAMAND,EXACT_STATE_DISTRICT_NAME,1.0,AUTO_MATCH_CANDIDATE
33,583,Tamil Nadu,Ramanathapuram,720,33,626,TAMIL NADU,RAMANATHAPURAM,EXACT_STATE_DISTRICT_NAME,1.0,AUTO_MATCH_CANDIDATE
20,339,Jharkhand,Ranchi,765,20,364,JHARKHAND,RANCHI,EXACT_STATE_DISTRICT_NAME,1.0,AUTO_MATCH_CANDIDATE
27,492,Maharashtra,Ratnagiri,554,27,528,MAHARASHTRA,RATNAGIRI,EXACT_STATE_DISTRICT_NAME,1.0,AUTO_MATCH_CANDIDATE
10,216,Bihar,Saharsa,799,10,214,BIHAR,Saharsa,EXACT_STATE_DISTRICT_NAME,1.0,AUTO_MATCH_CANDIDATE
22,762,Chhattisgarh,Sakti,142,22,759,CHHATTISGARH,SAKTI,EXACT_STATE_DISTRICT_NAME,1.0,AUTO_MATCH_CANDIDATE
9,178,Uttar Pradesh,Sant Kabir Nagar,333,09,186,UTTAR PRADESH,SANT KABIR NAGAR,EXACT_STATE_DISTRICT_NAME,1.0,AUTO_MATCH_CANDIDATE
20,341,Jharkhand,Saraikela Kharsawan,767,20,369,JHARKHAND,SARAIKELA-KHARSAWAN,EXACT_STATE_DISTRICT_NAME,1.0,AUTO_MATCH_CANDIDATE
8,113,Rajasthan,Sawai Madhopur,528,08,108,RAJASTHAN,SAWAI MADHOPUR,EXACT_STATE_DISTRICT_NAME,1.0,AUTO_MATCH_CANDIDATE
16,653,Tripura,Sepahijala,744,16,699,TRIPURA,SEPAHIJALA,EXACT_STATE_DISTRICT_NAME,1.0,AUTO_MATCH_CANDIDATE
15,268,Mizoram,Serchhip,467,15,285,MIZORAM,SERCHHIP,EXACT_STATE_DISTRICT_NAME,1.0,AUTO_MATCH_CANDIDATE
23,429,Madhya Pradesh,Shahdol,615,23,460,MADHYA PRADESH,SHAHDOL,EXACT_STATE_DISTRICT_NAME,1.0,AUTO_MATCH_CANDIDATE
10,220,Bihar,Sheohar,803,10,205,BIHAR,Sheohar,EXACT_STATE_DISTRICT_NAME,1.0,AUTO_MATCH_CANDIDATE
9,181,Uttar Pradesh,Shrawasti,336,09,181,UTTAR PRADESH,SHRAWASTI,EXACT_STATE_DISTRICT_NAME,1.0,AUTO_MATCH_CANDIDATE
20,342,Jharkhand,Simdega,768,20,367,JHARKHAND,SIMDEGA,EXACT_STATE_DISTRICT_NAME,1.0,AUTO_MATCH_CANDIDATE
10,222,Bihar,Siwan,805,10,218,BIHAR,Siwan,EXACT_STATE_DISTRICT_NAME,1.0,AUTO_MATCH_CANDIDATE
2,25,Himachal Pradesh,Solan,65,02,031,HIMACHAL PRADESH,SOLAN,EXACT_STATE_DISTRICT_NAME,1.0,AUTO_MATCH_CANDIDATE
7,670,Delhi,South East,188,07,677,DELHI,SOUTH EAST,EXACT_STATE_DISTRICT_NAME,1.0,AUTO_MATCH_CANDIDATE
7,84,Delhi,South West,180,07,097,DELHI,SOUTH WEST,EXACT_STATE_DISTRICT_NAME,1.0,AUTO_MATCH_CANDIDATE
22,648,Chhattisgarh,Surajpur,117,22,641,CHHATTISGARH,SURAJPUR,EXACT_STATE_DISTRICT_NAME,1.0,AUTO_MATCH_CANDIDATE
22,389,Chhattisgarh,Surguja,137,22,401,CHHATTISGARH,SURGUJA,EXACT_STATE_DISTRICT_NAME,1.0,AUTO_MATCH_CANDIDATE
14,258,Manipur,Tamenglong,449,14,273,MANIPUR,TAMENGLONG,EXACT_STATE_DISTRICT_NAME,1.0,AUTO_MATCH_CANDIDATE
3,609,Punjab,Tarn Taran,258,03,050,PUNJAB,TARN TARAN,EXACT_STATE_DISTRICT_NAME,1.0,AUTO_MATCH_CANDIDATE
12,238,Arunachal Pradesh,Tawang,383,12,245,ARUNACHAL PRADESH,TAWANG,EXACT_STATE_DISTRICT_NAME,1.0,AUTO_MATCH_CANDIDATE
33,733,Tamil Nadu,Tenkasi,716,33,764,TAMIL NADU,TENKASI,EXACT_STATE_DISTRICT_NAME,1.0,AUTO_MATCH_CANDIDATE
33,586,Tamil Nadu,Thanjavur,708,33,620,TAMIL NADU,THANJAVUR,EXACT_STATE_DISTRICT_NAME,1.0,AUTO_MATCH_CANDIDATE
33,587,Tamil Nadu,The Nilgiris,709,33,611,TAMIL NADU,THE NILGIRIS,EXACT_STATE_DISTRICT_NAME,1.0,AUTO_MATCH_CANDIDATE
18,302,Assam,Tinsukia,419,18,309,ASSAM,TINSUKIA,EXACT_STATE_DISTRICT_NAME,1.0,AUTO_MATCH_CANDIDATE
33,732,Tamil Nadu,Tirupathur,710,33,751,TAMIL NADU,TIRUPATHUR,EXACT_STATE_DISTRICT_NAME,1.0,AUTO_MATCH_CANDIDATE
8,116,Rajasthan,Tonk,531,08,120,RAJASTHAN,TONK,EXACT_STATE_DISTRICT_NAME,1.0,AUTO_MATCH_CANDIDATE
29,549,Karnataka,Udupi,371,29,569,KARNATAKA,Udupi,EXACT_STATE_DISTRICT_NAME,1.0,AUTO_MATCH_CANDIDATE
14,260,Manipur,Ukhrul,452,14,279,MANIPUR,UKHRUL,EXACT_STATE_DISTRICT_NAME,1.0,AUTO_MATCH_CANDIDATE
2,26,Himachal Pradesh,Una,72,02,029,HIMACHAL PRADESH,UNA,EXACT_STATE_DISTRICT_NAME,1.0,AUTO_MATCH_CANDIDATE
22,381,Chhattisgarh,Uttar Bastar Kanker,126,22,413,CHHATTISGARH,UTTAR BASTAR KANKER,EXACT_STATE_DISTRICT_NAME,1.0,AUTO_MATCH_CANDIDATE
23,437,Madhya Pradesh,Vidisha,624,23,443,MADHYA PRADESH,VIDISHA,EXACT_STATE_DISTRICT_NAME,1.0,AUTO_MATCH_CANDIDATE
29,530,Karnataka,Vijayapura,368,29,557,KARNATAKA,Vijayapura,EXACT_STATE_DISTRICT_NAME,1.0,AUTO_MATCH_CANDIDATE
36,698,Telangana,Vikarabad,668,36,747,TELANGANA,VIKARABAD,EXACT_STATE_DISTRICT_NAME,1.0,AUTO_MATCH_CANDIDATE
27,499,Maharashtra,Washim,562,27,502,MAHARASHTRA,WASHIM,EXACT_STATE_DISTRICT_NAME,1.0,AUTO_MATCH_CANDIDATE
13,250,Nagaland,Wokha,478,13,264,NAGALAND,WOKHA,EXACT_STATE_DISTRICT_NAME,1.0,AUTO_MATCH_CANDIDATE
36,501,Telangana,Adilabad,639,36,532,TELANGANA,ADILABAD,EXACT_STATE_DISTRICT_NAME,1.0,AUTO_MATCH_CANDIDATE
15,261,Mizoram,Aizawl,471,15,283,MIZORAM,AIZAWL,EXACT_STATE_DISTRICT_NAME,1.0,AUTO_MATCH_CANDIDATE
27,467,Maharashtra,Akola,565,27,501,MAHARASHTRA,AKOLA,EXACT_STATE_DISTRICT_NAME,1.0,AUTO_MATCH_CANDIDATE
9,119,Uttar Pradesh,Aligarh,270,09,143,UTTAR PRADESH,ALIGARH,EXACT_STATE_DISTRICT_NAME,1.0,AUTO_MATCH_CANDIDATE
23,639,Madhya Pradesh,Alirajpur,572,23,465,MADHYA PRADESH,ALIRAJPUR,EXACT_STATE_DISTRICT_NAME,1.0,AUTO_MATCH_CANDIDATE
8,87,Rajasthan,Alwar,493,08,104,RAJASTHAN,ALWAR,EXACT_STATE_DISTRICT_NAME,1.0,AUTO_MATCH_CANDIDATE
9,640,Uttar Pradesh,Amethi,272,09,661,UTTAR PRADESH,AMETHI,EXACT_STATE_DISTRICT_NAME,1.0,AUTO_MATCH_CANDIDATE
9,123,Uttar Pradesh,Azamgarh,276,09,191,UTTAR PRADESH,AZAMGARH,EXACT_STATE_DISTRICT_NAME,1.0,AUTO_MATCH_CANDIDATE
28,750,Andhra Pradesh,Bapatla,676,28,691,ANDHRA PRADESH,Bapatla,EXACT_STATE_DISTRICT_NAME,1.0,AUTO_MATCH_CANDIDATE
8,90,Rajasthan,Barmer,497,08,115,RAJASTHAN,BARMER,EXACT_STATE_DISTRICT_NAME,1.0,AUTO_MATCH_CANDIDATE
3,605,Punjab,Barnala,262,03,054,PUNJAB,BARNALA,EXACT_STATE_DISTRICT_NAME,1.0,AUTO_MATCH_CANDIDATE
18,280,Assam,Barpeta,434,18,303,ASSAM,BARPETA,EXACT_STATE_DISTRICT_NAME,1.0,AUTO_MATCH_CANDIDATE
22,374,Chhattisgarh,Bastar,122,22,414,CHHATTISGARH,BASTAR,EXACT_STATE_DISTRICT_NAME,1.0,AUTO_MATCH_CANDIDATE
23,394,Madhya Pradesh,Betul,577,23,447,MADHYA PRADESH,BETUL,EXACT_STATE_DISTRICT_NAME,1.0,AUTO_MATCH_CANDIDATE
21,348,Odisha,Bhadrak,149,21,378,ODISHA,BHADRAK,EXACT_STATE_DISTRICT_NAME,1.0,AUTO_MATCH_CANDIDATE
24,443,Gujarat,Bhavnagar,197,24,481,GUJARAT,BHAVNAGAR,EXACT_STATE_DISTRICT_NAME,1.0,AUTO_MATCH_CANDIDATE
8,92,Rajasthan,Bhilwara,500,08,122,RAJASTHAN,BHILWARA,EXACT_STATE_DISTRICT_NAME,1.0,AUTO_MATCH_CANDIDATE
6,59,Haryana,Bhiwani,225,06,081,HARYANA,BHIWANI,EXACT_STATE_DISTRICT_NAME,1.0,AUTO_MATCH_CANDIDATE
9,132,Uttar Pradesh,Bijnor,285,09,134,UTTAR PRADESH,BIJNOR,EXACT_STATE_DISTRICT_NAME,1.0,AUTO_MATCH_CANDIDATE
20,322,Jharkhand,Bokaro,746,20,355,JHARKHAND,BOKARO,EXACT_STATE_DISTRICT_NAME,1.0,AUTO_MATCH_CANDIDATE
18,281,Assam,Bongaigaon,428,18,319,ASSAM,BONGAIGAON,EXACT_STATE_DISTRICT_NAME,1.0,AUTO_MATCH_CANDIDATE
10,194,Bihar,Buxar,777,10,232,BIHAR,Buxar,EXACT_STATE_DISTRICT_NAME,1.0,AUTO_MATCH_CANDIDATE
7,77,Delhi,Central,182,07,095,DELHI,CENTRAL,EXACT_STATE_DISTRICT_NAME,1.0,AUTO_MATCH_CANDIDATE
2,16,Himachal Pradesh,Chamba,68,02,023,HIMACHAL PRADESH,CHAMBA,EXACT_STATE_DISTRICT_NAME,1.0,AUTO_MATCH_CANDIDATE
15,262,Mizoram,Champhai,465,15,284,MIZORAM,CHAMPHAI,EXACT_STATE_DISTRICT_NAME,1.0,AUTO_MATCH_CANDIDATE
4,44,Chandigarh,Chandigarh,178,04,055,CHANDIGARH,CHANDIGARH,EXACT_STATE_DISTRICT_NAME,1.0,AUTO_MATCH_CANDIDATE
33,730,Tamil Nadu,Chengalpattu,732,33,754,TAMIL NADU,CHENGALPATTU,EXACT_STATE_DISTRICT_NAME,1.0,AUTO_MATCH_CANDIDATE
23,399,Madhya Pradesh,Chhindwara,582,23,455,MADHYA PRADESH,CHHINDWARA,EXACT_STATE_DISTRICT_NAME,1.0,AUTO_MATCH_CANDIDATE
9,136,Uttar Pradesh,Chitrakoot,289,09,171,UTTAR PRADESH,CHITRAKOOT,EXACT_STATE_DISTRICT_NAME,1.0,AUTO_MATCH_CANDIDATE
14,254,Manipur,Churachandpur,439,14,274,MANIPUR,CHURACHANDPUR,EXACT_STATE_DISTRICT_NAME,1.0,AUTO_MATCH_CANDIDATE
33,570,Tamil Nadu,Cuddalore,701,33,617,TAMIL NADU,CUDDALORE,EXACT_STATE_DISTRICT_NAME,1.0,AUTO_MATCH_CANDIDATE
21,350,Odisha,Cuttack,160,21,381,ODISHA,CUTTACK,EXACT_STATE_DISTRICT_NAME,1.0,AUTO_MATCH_CANDIDATE
29,534,Karnataka,Dakshina Kannada,366,29,575,KARNATAKA,Dakshina Kannada,EXACT_STATE_DISTRICT_NAME,1.0,AUTO_MATCH_CANDIDATE
38,463,The Dadra And Nagar Haveli And Daman And Diu,Daman,2,26,495,DADRA & NAGAR HAVELI & DAMAN & DIU,DAMAN,EXACT_STATE_DISTRICT_NAME,1.0,AUTO_MATCH_CANDIDATE
10,195,Bihar,Darbhanga,778,10,215,BIHAR,Darbhanga,EXACT_STATE_DISTRICT_NAME,1.0,AUTO_MATCH_CANDIDATE
8,97,Rajasthan,Dausa,505,08,109,RAJASTHAN,DAUSA,EXACT_STATE_DISTRICT_NAME,1.0,AUTO_MATCH_CANDIDATE
8,767,Rajasthan,Deeg,506,08,774,RAJASTHAN,DEEG,EXACT_STATE_DISTRICT_NAME,1.0,AUTO_MATCH_CANDIDATE
9,137,Uttar Pradesh,Deoria,290,09,190,UTTAR PRADESH,DEORIA,EXACT_STATE_DISTRICT_NAME,1.0,AUTO_MATCH_CANDIDATE
23,402,Madhya Pradesh,Dewas,585,23,437,MADHYA PRADESH,DEWAS,EXACT_STATE_DISTRICT_NAME,1.0,AUTO_MATCH_CANDIDATE
23,403,Madhya Pradesh,Dhar,586,23,438,MADHYA PRADESH,DHAR,EXACT_STATE_DISTRICT_NAME,1.0,AUTO_MATCH_CANDIDATE
27,488,Maharashtra,Dharashiv,561,27,525,MAHARASHTRA,DHARASHIV,EXACT_STATE_DISTRICT_NAME,1.0,AUTO_MATCH_CANDIDATE
27,474,Maharashtra,Dhule,539,27,498,MAHARASHTRA,DHULE,EXACT_STATE_DISTRICT_NAME,1.0,AUTO_MATCH_CANDIDATE
28,747,Andhra Pradesh,Dr. B.R. Ambedkar Konaseema,678,28,687,ANDHRA PRADESH,Dr. B.R. Ambedkar Konaseema,EXACT_STATE_DISTRICT_NAME,1.0,AUTO_MATCH_CANDIDATE
12,231,Arunachal Pradesh,East Kameng,378,12,247,ARUNACHAL PRADESH,EAST KAMENG,EXACT_STATE_DISTRICT_NAME,1.0,AUTO_MATCH_CANDIDATE
9,139,Uttar Pradesh,Etawah,292,09,161,UTTAR PRADESH,ETAWAH,EXACT_STATE_DISTRICT_NAME,1.0,AUTO_MATCH_CANDIDATE
6,60,Haryana,Faridabad,227,06,088,HARYANA,FARIDABAD,EXACT_STATE_DISTRICT_NAME,1.0,AUTO_MATCH_CANDIDATE
9,143,Uttar Pradesh,Firozabad,295,09,147,UTTAR PRADESH,FIROZABAD,EXACT_STATE_DISTRICT_NAME,1.0,AUTO_MATCH_CANDIDATE
8,100,Rajasthan,Ganganagar,510,08,099,RAJASTHAN,GANGANAGAR,EXACT_STATE_DISTRICT_NAME,1.0,AUTO_MATCH_CANDIDATE
18,288,Assam,Golaghat,415,18,313,ASSAM,GOLAGHAT,EXACT_STATE_DISTRICT_NAME,1.0,AUTO_MATCH_CANDIDATE
9,148,Uttar Pradesh,Gorakhpur,300,09,188,UTTAR PRADESH,GORAKHPUR,EXACT_STATE_DISTRICT_NAME,1.0,AUTO_MATCH_CANDIDATE
23,406,Madhya Pradesh,Guna,588,23,458,MADHYA PRADESH,GUNA,EXACT_STATE_DISTRICT_NAME,1.0,AUTO_MATCH_CANDIDATE
11,228,Sikkim,Gyalshing,29,11,242,SIKKIM,GYALSHING,EXACT_STATE_DISTRICT_NAME,1.0,AUTO_MATCH_CANDIDATE
9,149,Uttar Pradesh,Hamirpur,301,09,168,UTTAR PRADESH,HAMIRPUR,EXACT_STATE_DISTRICT_NAME,1.0,AUTO_MATCH_CANDIDATE
32,556,Kerala,Idukki,110,32,596,KERALA,Idukki,EXACT_STATE_DISTRICT_NAME,1.0,AUTO_MATCH_CANDIDATE
14,255,Manipur,Imphal East,440,14,278,MANIPUR,IMPHAL EAST,EXACT_STATE_DISTRICT_NAME,1.0,AUTO_MATCH_CANDIDATE
23,410,Madhya Pradesh,Indore,591,23,439,MADHYA PRADESH,INDORE,EXACT_STATE_DISTRICT_NAME,1.0,AUTO_MATCH_CANDIDATE
8,103,Rajasthan,Jaisalmer,513,08,114,RAJASTHAN,JAISALMER,EXACT_STATE_DISTRICT_NAME,1.0,AUTO_MATCH_CANDIDATE
9,152,Uttar Pradesh,Jaunpur,306,09,194,UTTAR PRADESH,JAUNPUR,EXACT_STATE_DISTRICT_NAME,1.0,AUTO_MATCH_CANDIDATE
6,64,Haryana,Jhajjar,231,06,083,HARYANA,JHAJJAR,EXACT_STATE_DISTRICT_NAME,1.0,AUTO_MATCH_CANDIDATE
24,448,Gujarat,Junagadh,206,24,479,GUJARAT,JUNAGADH,EXACT_STATE_DISTRICT_NAME,1.0,AUTO_MATCH_CANDIDATE
6,66,Haryana,Kaithal,233,06,073,HARYANA,KAITHAL,EXACT_STATE_DISTRICT_NAME,1.0,AUTO_MATCH_CANDIDATE
12,718,Arunachal Pradesh,Kamle,398,12,733,ARUNACHAL PRADESH,KAMLE,EXACT_STATE_DISTRICT_NAME,1.0,AUTO_MATCH_CANDIDATE
33,575,Tamil Nadu,Kanniyakumari,703,33,629,TAMIL NADU,KANNIYAKUMARI,EXACT_STATE_DISTRICT_NAME,1.0,AUTO_MATCH_CANDIDATE
34,598,Puducherry,Karaikal,737,34,637,PUDUCHERRY,KARAIKAL,EXACT_STATE_DISTRICT_NAME,1.0,AUTO_MATCH_CANDIDATE
9,158,Uttar Pradesh,Kaushambi,312,09,174,UTTAR PRADESH,KAUSHAMBI,EXACT_STATE_DISTRICT_NAME,1.0,AUTO_MATCH_CANDIDATE
13,245,Nagaland,Kohima,488,13,270,NAGALAND,KOHIMA,EXACT_STATE_DISTRICT_NAME,1.0,AUTO_MATCH_CANDIDATE
18,294,Assam,Kokrajhar,402,18,300,ASSAM,"KOKRAJHAR
",EXACT_STATE_DISTRICT_NAME,1.0,AUTO_MATCH_CANDIDATE
27,480,Maharashtra,Kolhapur,544,27,530,MAHARASHTRA,KOLHAPUR,EXACT_STATE_DISTRICT_NAME,1.0,AUTO_MATCH_CANDIDATE
22,643,Chhattisgarh,Kondagaon,124,22,648,CHHATTISGARH,KONDAGAON,EXACT_STATE_DISTRICT_NAME,1.0,AUTO_MATCH_CANDIDATE
2,20,Himachal Pradesh,Kullu,67,02,026,HIMACHAL PRADESH,KULLU,EXACT_STATE_DISTRICT_NAME,1.0,AUTO_MATCH_CANDIDATE
12,233,Arunachal Pradesh,Kurung Kumey,380,12,256,ARUNACHAL PRADESH,KURUNG KUMEY,EXACT_STATE_DISTRICT_NAME,1.0,AUTO_MATCH_CANDIDATE
9,162,Uttar Pradesh,Lucknow,316,09,157,UTTAR PRADESH,LUCKNOW,EXACT_STATE_DISTRICT_NAME,1.0,AUTO_MATCH_CANDIDATE
10,205,Bihar,Madhepura,788,10,213,BIHAR,Madhepura,EXACT_STATE_DISTRICT_NAME,1.0,AUTO_MATCH_CANDIDATE
11,226,Sikkim,Mangan,32,11,241,SIKKIM,MANGAN,EXACT_STATE_DISTRICT_NAME,1.0,AUTO_MATCH_CANDIDATE
3,37,Punjab,Mansa,249,03,047,PUNJAB,MANSA,EXACT_STATE_DISTRICT_NAME,1.0,AUTO_MATCH_CANDIDATE
18,296,Assam,Marigaon,424,18,304,ASSAM,MARIGAON,EXACT_STATE_DISTRICT_NAME,1.0,AUTO_MATCH_CANDIDATE
9,167,Uttar Pradesh,Mathura,320,09,145,UTTAR PRADESH,MATHURA,EXACT_STATE_DISTRICT_NAME,1.0,AUTO_MATCH_CANDIDATE
9,169,Uttar Pradesh,Meerut,322,09,138,UTTAR PRADESH,MEERUT,EXACT_STATE_DISTRICT_NAME,1.0,AUTO_MATCH_CANDIDATE
3,38,Punjab,Moga,255,03,042,PUNJAB,MOGA,EXACT_STATE_DISTRICT_NAME,1.0,AUTO_MATCH_CANDIDATE
22,647,Chhattisgarh,Mungeli,119,22,643,CHHATTISGARH,MUNGELI,EXACT_STATE_DISTRICT_NAME,1.0,AUTO_MATCH_CANDIDATE
9,172,Uttar Pradesh,Muzaffarnagar,325,09,133,UTTAR PRADESH,MUZAFFARNAGAR,EXACT_STATE_DISTRICT_NAME,1.0,AUTO_MATCH_CANDIDATE
10,208,Bihar,Muzaffarpur,791,10,216,BIHAR,Muzaffarpur,EXACT_STATE_DISTRICT_NAME,1.0,AUTO_MATCH_CANDIDATE
8,110,Rajasthan,Nagaur,522,08,112,RAJASTHAN,NAGAUR,EXACT_STATE_DISTRICT_NAME,1.0,AUTO_MATCH_CANDIDATE
11,227,Sikkim,Namchi,31,11,243,SIKKIM,NAMCHI,EXACT_STATE_DISTRICT_NAME,1.0,AUTO_MATCH_CANDIDATE
22,637,Chhattisgarh,Narayanpur,125,22,415,CHHATTISGARH,NARAYANPUR,EXACT_STATE_DISTRICT_NAME,1.0,AUTO_MATCH_CANDIDATE
24,452,Gujarat,Narmada,212,24,487,GUJARAT,NARMADA,EXACT_STATE_DISTRICT_NAME,1.0,AUTO_MATCH_CANDIDATE
21,367,Odisha,Nayagarh,177,21,385,ODISHA,NAYAGARH,EXACT_STATE_DISTRICT_NAME,1.0,AUTO_MATCH_CANDIDATE
13,764,Nagaland,Niuland,486,13,709,NAGALAND,NIULAND,EXACT_STATE_DISTRICT_NAME,1.0,AUTO_MATCH_CANDIDATE
35,632,Andaman And Nicobar Islands,North And Middle Andaman,75,35,639,ANDAMAN AND NICOBAR ISLANDS,NORTH AND MIDDLE ANDAMAN,EXACT_STATE_DISTRICT_NAME,1.0,AUTO_MATCH_CANDIDATE
6,604,Haryana,Nuh,237,06,087,HARYANA,NUH,EXACT_STATE_DISTRICT_NAME,1.0,AUTO_MATCH_CANDIDATE
11,741,Sikkim,Pakyong,30,11,702,SIKKIM,PAKYONG,EXACT_STATE_DISTRICT_NAME,1.0,AUTO_MATCH_CANDIDATE
8,111,Rajasthan,Pali,523,08,118,RAJASTHAN,PALI,EXACT_STATE_DISTRICT_NAME,1.0,AUTO_MATCH_CANDIDATE
28,751,Andhra Pradesh,Palnadu,687,28,690,ANDHRA PRADESH,Palnadu,EXACT_STATE_DISTRICT_NAME,1.0,AUTO_MATCH_CANDIDATE
6,619,Haryana,Palwal,238,06,089,HARYANA,PALWAL,EXACT_STATE_DISTRICT_NAME,1.0,AUTO_MATCH_CANDIDATE
23,420,Madhya Pradesh,Panna,606,23,426,MADHYA PRADESH,PANNA,EXACT_STATE_DISTRICT_NAME,1.0,AUTO_MATCH_CANDIDATE
8,772,Rajasthan,Phalodi,524,08,783,RAJASTHAN,PHALODI,EXACT_STATE_DISTRICT_NAME,1.0,AUTO_MATCH_CANDIDATE
9,173,Uttar Pradesh,Pilibhit,326,09,151,UTTAR PRADESH,PILIBHIT,EXACT_STATE_DISTRICT_NAME,1.0,AUTO_MATCH_CANDIDATE
24,457,Gujarat,Rajkot,217,24,476,GUJARAT,RAJKOT,EXACT_STATE_DISTRICT_NAME,1.0,AUTO_MATCH_CANDIDATE
20,607,Jharkhand,Ramgarh,764,20,361,JHARKHAND,RAMGARH,EXACT_STATE_DISTRICT_NAME,1.0,AUTO_MATCH_CANDIDATE
9,176,Uttar Pradesh,Rampur,330,09,136,UTTAR PRADESH,RAMPUR,EXACT_STATE_DISTRICT_NAME,1.0,AUTO_MATCH_CANDIDATE
33,731,Tamil Nadu,Ranipet,735,33,750,TAMIL NADU,RANIPET,EXACT_STATE_DISTRICT_NAME,1.0,AUTO_MATCH_CANDIDATE
23,424,Madhya Pradesh,Rewa,610,23,430,MADHYA PRADESH,REWA,EXACT_STATE_DISTRICT_NAME,1.0,AUTO_MATCH_CANDIDATE
10,215,Bihar,Rohtas,798,10,234,BIHAR,Rohtas,EXACT_STATE_DISTRICT_NAME,1.0,AUTO_MATCH_CANDIDATE
3,42,Punjab,Rupnagar,248,03,051,PUNJAB,RUPNAGAR,EXACT_STATE_DISTRICT_NAME,1.0,AUTO_MATCH_CANDIDATE
27,494,Maharashtra,Satara,556,27,527,MAHARASHTRA,SATARA,EXACT_STATE_DISTRICT_NAME,1.0,AUTO_MATCH_CANDIDATE
23,428,Madhya Pradesh,Seoni,614,23,456,MADHYA PRADESH,SEONI,EXACT_STATE_DISTRICT_NAME,1.0,AUTO_MATCH_CANDIDATE
9,180,Uttar Pradesh,Shahjahanpur,334,09,152,UTTAR PRADESH,SHAHJAHANPUR,EXACT_STATE_DISTRICT_NAME,1.0,AUTO_MATCH_CANDIDATE
23,430,Madhya Pradesh,Shajapur,616,23,436,MADHYA PRADESH,SHAJAPUR,EXACT_STATE_DISTRICT_NAME,1.0,AUTO_MATCH_CANDIDATE
23,431,Madhya Pradesh,Sheopur,617,23,418,MADHYA PRADESH,SHEOPUR,EXACT_STATE_DISTRICT_NAME,1.0,AUTO_MATCH_CANDIDATE
23,432,Madhya Pradesh,Shivpuri,618,23,423,MADHYA PRADESH,SHIVPURI,EXACT_STATE_DISTRICT_NAME,1.0,AUTO_MATCH_CANDIDATE
23,433,Madhya Pradesh,Sidhi,619,23,462,MADHYA PRADESH,SIDHI,EXACT_STATE_DISTRICT_NAME,1.0,AUTO_MATCH_CANDIDATE
23,638,Madhya Pradesh,Singrauli,620,23,463,MADHYA PRADESH,SINGRAULI,EXACT_STATE_DISTRICT_NAME,1.0,AUTO_MATCH_CANDIDATE
9,183,Uttar Pradesh,Sitapur,338,09,154,UTTAR PRADESH,SITAPUR,EXACT_STATE_DISTRICT_NAME,1.0,AUTO_MATCH_CANDIDATE
27,496,Maharashtra,Solapur,558,27,526,MAHARASHTRA,SOLAPUR,EXACT_STATE_DISTRICT_NAME,1.0,AUTO_MATCH_CANDIDATE
11,742,Sikkim,Soreng,34,11,701,SIKKIM,SORENG,EXACT_STATE_DISTRICT_NAME,1.0,AUTO_MATCH_CANDIDATE
7,83,Delhi,South,189,07,098,DELHI,SOUTH,EXACT_STATE_DISTRICT_NAME,1.0,AUTO_MATCH_CANDIDATE
28,519,Andhra Pradesh,Srikakulam,692,28,542,ANDHRA PRADESH,Srikakulam,EXACT_STATE_DISTRICT_NAME,1.0,AUTO_MATCH_CANDIDATE
22,642,Chhattisgarh,Sukma,123,22,649,CHHATTISGARH,SUKMA,EXACT_STATE_DISTRICT_NAME,1.0,AUTO_MATCH_CANDIDATE
10,223,Bihar,Supaul,806,10,208,BIHAR,Supaul,EXACT_STATE_DISTRICT_NAME,1.0,AUTO_MATCH_CANDIDATE
18,756,Assam,Tamulpur,432,18,766,ASSAM,TAMULPUR,EXACT_STATE_DISTRICT_NAME,1.0,AUTO_MATCH_CANDIDATE
27,497,Maharashtra,Thane,560,27,517,MAHARASHTRA,THANE,EXACT_STATE_DISTRICT_NAME,1.0,AUTO_MATCH_CANDIDATE
32,565,Kerala,Thiruvananthapuram,113,32,601,KERALA,Thiruvananthapuram,EXACT_STATE_DISTRICT_NAME,1.0,AUTO_MATCH_CANDIDATE
33,591,Tamil Nadu,Tiruchirappalli,728,33,614,TAMIL NADU,TIRUCHIRAPPALLI,EXACT_STATE_DISTRICT_NAME,1.0,AUTO_MATCH_CANDIDATE
33,634,Tamil Nadu,Tiruppur,711,33,633,TAMIL NADU,TIRUPPUR,EXACT_STATE_DISTRICT_NAME,1.0,AUTO_MATCH_CANDIDATE
33,593,Tamil Nadu,Tiruvannamalai,726,33,606,TAMIL NADU,TIRUVANNAMALAI,EXACT_STATE_DISTRICT_NAME,1.0,AUTO_MATCH_CANDIDATE
8,117,Rajasthan,Udaipur,532,08,130,RAJASTHAN,UDAIPUR,EXACT_STATE_DISTRICT_NAME,1.0,AUTO_MATCH_CANDIDATE
18,617,Assam,Udalguri,404,18,326,ASSAM,"UDALGURI
",EXACT_STATE_DISTRICT_NAME,1.0,AUTO_MATCH_CANDIDATE
12,240,Arunachal Pradesh,Upper Siang,385,12,252,ARUNACHAL PRADESH,UPPER SIANG,EXACT_STATE_DISTRICT_NAME,1.0,AUTO_MATCH_CANDIDATE
29,550,Karnataka,Uttara Kannada,367,29,563,KARNATAKA,Uttara Kannada,EXACT_STATE_DISTRICT_NAME,1.0,AUTO_MATCH_CANDIDATE
36,522,Telangana,Warangal,670,36,540,TELANGANA,WARANGAL,EXACT_STATE_DISTRICT_NAME,1.0,AUTO_MATCH_CANDIDATE
32,567,Kerala,Wayanad,108,32,590,KERALA,Wayanad,EXACT_STATE_DISTRICT_NAME,1.0,AUTO_MATCH_CANDIDATE
17,275,Meghalaya,West Jaintia Hills,461,17,299,MEGHALAYA,WEST JAINTIA HILLS,EXACT_STATE_DISTRICT_NAME,1.0,AUTO_MATCH_CANDIDATE
12,243,Arunachal Pradesh,West Siang,390,12,250,ARUNACHAL PRADESH,WEST SIANG,EXACT_STATE_DISTRICT_NAME,1.0,AUTO_MATCH_CANDIDATE
20,343,Jharkhand,West Singhbhum,769,20,368,JHARKHAND,WEST SINGHBHUM,EXACT_STATE_DISTRICT_NAME,1.0,AUTO_MATCH_CANDIDATE
36,697,Telangana,Yadadri Bhuvanagiri,671,36,746,TELANGANA,YADADRI BHUVANAGIRI,EXACT_STATE_DISTRICT_NAME,1.0,AUTO_MATCH_CANDIDATE
13,251,Nagaland,Zunheboto,483,13,263,NAGALAND,ZUNHEBOTO,EXACT_STATE_DISTRICT_NAME,1.0,AUTO_MATCH_CANDIDATE
